STATE,Total Population,Total SC Population,Male SC Population,Female SC Population,Total ST Population,Male SC Population.1,Female SC Population.1,SC/ST Share (SC+ST shares/Population * 100),Credit 2010,Credit 2011,Credit 2012,Credit 2013,Credit 2014,Credit 2015,Credit 2016,Credit 2017,Credit 2018,Credit 2019,Credit_2020,Credit_2021,Credit_2022,Credit_2023,Credit_2024,Credit_2025,Credit Growth 2011,Credit Growth 2012,Credit Growth 2013,Credit Growth 2014,Credit Growth 2015,Credit Growth 2016,Credit Growth 2017,Credit Growth 2018,Credit Growth 2019,Credit Growth 2020,Credit Growth 2021,Credit Growth 2022,Credit Growth 2023,Credit Growth 2024,Credit Growth 2025,Repo Rate 2016 (TW Avg),Repo Rate 2017 (TW Avg),Repo Rate 2018 (TW Avg),Repo Rate 2019 (TW Avg),Repo Rate 2020 (TW Avg),Repo Rate 2021 (TW Avg),Repo Rate 2022 (TW Avg),Repo Rate 2023 (TW Avg),Repo Rate 2024 (TW Avg),Repo Rate 2025 (TW Avg),CPI 2014-15,CPI 2015-16,CPI 2016-17,CPI 2017-18,CPI 2018-19,CPI 2019-20,CPI 2020-21,CPI 2021-22,CPI 2022-23,CPI 2023-24,CPI 2024-25,NSDP 2011-12,NSDP 2012-13,NSDP 2013-14,NSDP 2014-15,NSDP 2015-16,NSDP 2016-17,NSDP 2017-18,NSDP 2018-19,NSDP 2019-20,NSDP 2020-21,NSDP 2021-22,NSDP 2022-23,NSDP 2023-24,NSDP 2024-25,Repo_2011,Repo_2012,Repo_2013,Repo_2014,Repo_2015,Repo_2016,Repo_2017,Repo_2018,Repo_2019,Repo_2020,Repo_2021,Repo_2022,Repo_2023,Repo_2024,Repo_2025
Andaman & Nicobar Islands,380581.0,0.0,0.0,0.0,28530.0,14731.0,13799.0,7.496433085203938,589,682,774,898,1014,1182.0,1429.0,1579.0,1843.0,2173.0,2381.0,2795.0,3462.0,3675.0,4110.0,4463.0,0.1466034741918758,0.126542215746265,0.1485981947124726,0.12148811584892893,0.15330501381491501,0.18976697996382352,0.09981683632577454,0.15460294341418113,0.1647140225866064,0.09141186623043307,0.1603115391023371,0.21401435014695558,0.059706675910781826,0.11186989584334306,0.08239815713898935,6.3801,6.0842,6.3329,5.4396,4.0559,4.0,5.4864,6.5,6.4637,5.5171,6.7,6.4,6.2,3.6,6.9,6.5,6.3,6.0,6.1,3.5,2.7,89100.0,92644.0,98735.0,106711.0,114660.0,129532.0,145562.0,154233.0,161564.0,146995.0,160513.0,170292.0,178431.0,,5.887,6.75,6.75,7.487,7.929,6.38,6.084,6.333,5.44,4.056,4.0,5.486,6.5,6.464,5.517
Andhra Pradesh + Telangana,84580777.0,19324119.0,,,9089587.0,,,33.593574104905656,262085,321243,384212,440659,490843,532161.0,594832.0,647399.0,757814.0,852852.0,923273.0,1037725.0,1211417.0,1341342.0,1607967.0,1768421.0,0.22572066314363662,0.1960167225433706,0.1469162858005476,0.11388397831429745,0.08417762909932504,0.11776699156834115,0.0883728514942034,0.1705516999562866,0.12541072083651134,0.08257118468386074,0.12396333478830206,0.16737767713026092,0.10725043482137035,0.19877480910908626,0.09978687373559283,6.3801,6.0842,6.3329,5.4396,4.0559,4.0,5.4864,6.5,6.4637,5.5171,5.5,7.4,5.2,3.4,1.1,3.5,9.0,5.8,7.6,5.5,4.4,160121.0,161597.0,168293.0,180598.0,200876.0,215627.0,234680.0,255630.0,263873.0,251714.0,274804.0,291116.0,310188.0,333737.0,5.887,6.75,6.75,7.487,7.929,6.38,6.084,6.333,5.44,4.056,4.0,5.486,6.5,6.464,5.517
Arunachal Pradesh,1383727.0,0.0,0.0,0.0,951821.0,468390.0,483431.0,68.78676212865689,1137,1231,1375,1531,1784,2146.0,2533.0,2843.0,3362.0,3834.0,4277.0,4920.0,6053.0,7279.0,8735.0,10273.0,0.07943363243391754,0.11062688391621744,0.10746738555701274,0.152936917482271,0.18474761005068885,0.16579872681103147,0.11545546164932485,0.16767620231756108,0.1313726096370278,0.10934318462131998,0.1400567012594447,0.20724548640533413,0.18443947322657017,0.18234445344989858,0.16218115064810767,6.3801,6.0842,6.3329,5.4396,4.0559,4.0,5.4864,6.5,6.4637,5.5171,6.0,4.8,2.6,4.4,5.9,6.0,8.5,4.0,6.5,4.6,5.1,73540.0,73960.0,79004.0,91034.0,88768.0,91311.0,94000.0,99570.0,113081.0,105892.0,104980.0,106512.0,110766.0,120943.0,5.887,6.75,6.75,7.487,7.929,6.38,6.084,6.333,5.44,4.056,4.0,5.486,6.5,6.464,5.517
Assam,31205576.0,2231321.0,1145314.0,1086007.0,3884371.0,1957005.0,1927366.0,19.598074395422152,18367,21377,25124,28525,31630,35715.0,43202.0,48754.0,57186.0,65150.0,70625.0,80871.0,95992.0,107839.0,127803.0,146867.0,0.15176000155074476,0.1615079868949909,0.12695733115600483,0.10332514156941919,0.12146473128937707,0.19031602186778507,0.12090045488516488,0.15952186782365807,0.1303831903873114,0.08069188589575127,0.1354711030895892,0.1714095621058931,0.11637451946188193,0.16985064172235376,0.13903739948355387,6.3801,6.0842,6.3329,5.4396,4.0559,4.0,5.4864,6.5,6.4637,5.5171,6.7,4.5,3.9,2.7,3.9,2.2,7.3,4.7,5.7,5.8,6.0,41142.0,41609.0,43002.0,44809.0,50642.0,53575.0,57835.0,59943.0,61519.0,62944.0,63657.0,71551.0,80089.0,85988.0,5.887,6.75,6.75,7.487,7.929,6.38,6.084,6.333,5.44,4.056,4.0,5.486,6.5,6.464,5.517
Bihar,104099452.0,16567325.0,8606253.0,7961072.0,1336573.0,682516.0,654057.0,17.19883981713948,29125,35167,41413,49832,62462,72862.0,81270.0,91294.0,101253.0,122446.0,135679.0,159318.0,195592.0,220827.0,264746.0,292274.0,0.18851123099021017,0.1634866983263148,0.18506250674945512,0.2259010238835586,0.15400886927219837,0.10920970365751259,0.11630812326120932,0.10353726715100642,0.19004778129284183,0.10262168526324089,0.1606104031494926,0.20512865208589126,0.1213487325669309,0.18139128623863954,0.09892084267737111,6.3801,6.0842,6.3329,5.4396,4.0559,4.0,5.4864,6.5,6.4637,5.5171,6.4,3.6,3.9,3.8,4.0,4.8,4.8,5.3,5.9,4.3,4.3,21750.0,22201.0,22776.0,23223.0,24064.0,25455.0,26719.0,29092.0,29798.0,26839.0,27674.0,30678.0,33966.0,36342.0,5.887,6.75,6.75,7.487,7.929,6.38,6.084,6.333,5.44,4.056,4.0,5.486,6.5,6.464,5.517
Chandigarh,1055450.0,199086.0,106356.0,92730.0,0.0,0.0,0.0,18.86266521388981,41279,46221,45486,57852,57897,58699.0,54458.0,60025.0,69673.0,76111.0,78690.0,78153.0,82007.0,75587.0,83008.0,91035.0,0.1130803441940671,-0.016029653965524915,0.24048343890926382,0.0007775445535962433,0.013757121148730178,-0.07499292854379824,0.09733137973730344,0.1490517261483113,0.08837993281529677,0.033323281475965416,-0.006847638700264724,0.04813616562782741,-0.08152029874733913,0.0936526779668636,0.09230705926194993,6.3801,6.0842,6.3329,5.4396,4.0559,4.0,5.4864,6.5,6.4637,5.5171,6.4,6.8,3.5,2.7,2.4,2.5,8.0,4.8,4.7,3.4,5.8,158967.0,169336.0,180615.0,182867.0,195205.0,208231.0,218201.0,227231.0,239373.0,209158.0,222250.0,253004.0,275139.0,,5.887,6.75,6.75,7.487,7.929,6.38,6.084,6.333,5.44,4.056,4.0,5.486,6.5,6.464,5.517
Chhattisgarh,25545198.0,3274269.0,1641738.0,1632531.0,7822902.0,3873191.0,3949711.0,43.44131918648663,24976,29742,36634,44597,52617,61062.0,66405.0,74179.0,83656.0,90253.0,100164.0,108588.0,138103.0,156810.0,185447.0,213314.0,0.17464482449341467,0.20841658267153385,0.19668982125163836,0.16537266925444705,0.14885047999373846,0.08388261341436554,0.11070873639579837,0.12023206104827366,0.07590368536146386,0.10419200499884873,0.08075206150039627,0.2404388794111494,0.12703509782479472,0.16773424554473237,0.13999613164124192,6.3801,6.0842,6.3329,5.4396,4.0559,4.0,5.4864,6.5,6.4637,5.5171,4.3,5.3,5.6,2.8,1.8,4.7,4.2,7.7,6.4,6.5,4.8,55177.0,56777.0,61409.0,61122.0,61433.0,67139.0,68374.0,75438.0,76827.0,74489.0,78350.0,82699.0,87681.0,93161.0,5.887,6.75,6.75,7.487,7.929,6.38,6.084,6.333,5.44,4.056,4.0,5.486,6.5,6.464,5.517
Dadra & Nagar Haveli and Daman & Diu,585764.0,12310.0,6490.0,5820.0,193927.0,96615.0,97312.0,35.20820671806393,869,784,836,1237,1571,1768.0,1955.0,2316.0,2947.0,3585.0,4458.0,4089.0,6766.0,5407.0,6900.0,7625.0,-0.10293410491498456,0.06421959273429412,0.3918157593077858,0.23902326586313372,0.11813660494196743,0.10054122922187769,0.16945136627341917,0.24094614404480907,0.19597077029602694,0.21794176091209216,-0.08639979358117067,0.5036096289760099,-0.22421565995864867,0.24382700120334633,0.09991091089026227,6.3801,6.0842,6.3329,5.4396,4.0559,4.0,5.4864,6.5,6.4637,5.5171,7.0,9.2,5.0,6.5,-1.9,0.8,6.9,6.3,5.6,4.8,4.9,,,,,,,,,,,,,,,5.887,6.75,6.75,7.487,7.929,6.38,6.084,6.333,5.44,4.056,4.0,5.486,6.5,6.464,5.517
Delhi,16787941.0,2812309.0,1488800.0,1323509.0,0.0,0.0,0.0,16.75195904012291,421554,551995,653735,734637,844416,907347.0,970511.0,965047.0,1076998.0,1300026.0,1365110.0,1315663.0,1425079.0,1496251.0,1680085.0,1900568.0,0.2695911051500257,0.16916308230017663,0.11667442909889658,0.1392687644962205,0.0718796927235914,0.06729778002461906,-0.005645932092395611,0.10975601532828527,0.18820672310518027,0.048850747203131206,-0.03689429038868752,0.07988652969850563,0.048735395446890095,0.11588174114603333,0.12330840149158817,6.3801,6.0842,6.3329,5.4396,4.0559,4.0,5.4864,6.5,6.4637,5.5171,5.6,4.9,5.3,4.8,2.7,3.7,3.3,6.0,4.0,2.6,2.4,185001.0,192220.0,200702.0,213669.0,233115.0,244255.0,252960.0,257597.0,260559.0,228162.0,239821.0,252768.0,271490.0,283093.0,5.887,6.75,6.75,7.487,7.929,6.38,6.084,6.333,5.44,4.056,4.0,5.486,6.5,6.464,5.517
Goa,1458545.0,25449.0,12627.0,12822.0,149275.0,72948.0,76327.0,11.979335570722878,7729,9201,10241,11470,12939,13747.0,15142.0,15856.0,17427.0,18803.0,19242.0,21038.0,24092.0,25566.0,29810.0,32244.0,0.17433268567548943,0.10708709729307664,0.11333566004797824,0.12051107519253712,0.06057461215546667,0.09665172119183119,0.04607563790651881,0.09447275009087264,0.0759957038948329,0.023078958365735147,0.08923493637800917,0.13554950886439165,0.05938350856435548,0.15358056394414987,0.07848807173137473,6.3801,6.0842,6.3329,5.4396,4.0559,4.0,5.4864,6.5,6.4637,5.5171,6.5,4.7,5.1,3.8,2.6,4.3,6.9,4.6,3.2,3.0,3.5,259444.0,220019.0,188358.0,241081.0,278601.0,305875.0,308296.0,308753.0,313973.0,295023.0,294563.0,333709.0,357611.0,,5.887,6.75,6.75,7.487,7.929,6.38,6.084,6.333,5.44,4.056,4.0,5.486,6.5,6.464,5.517
Gujarat,60439692.0,4074447.0,2110331.0,1964116.0,8917174.0,4501389.0,4415785.0,21.495180683581246,140498,171748,213421,261277,309819,347117.0,390758.0,415846.0,483921.0,532150.0,552428.0,580273.0,758868.0,734431.0,888934.0,1014466.0,0.20083503240501344,0.2172384545718664,0.20231440644723087,0.1704071087712702,0.11367364291596438,0.11842654363212013,0.06222655687498069,0.15160667083830504,0.09500373423326458,0.03739770367080908,0.049175574298146785,0.2683291667715153,-0.03273179948314109,0.1909269422936326,0.13209465261991582,6.3801,6.0842,6.3329,5.4396,4.0559,4.0,5.4864,6.5,6.4637,5.5171,5.5,4.9,5.1,2.6,2.5,3.7,5.9,5.5,6.9,5.7,4.4,87481.0,96683.0,102589.0,111370.0,120683.0,129738.0,143604.0,154887.0,164060.0,156285.0,170519.0,181963.0,,,5.887,6.75,6.75,7.487,7.929,6.38,6.084,6.333,5.44,4.056,4.0,5.486,6.5,6.464,5.517
Haryana,25351462.0,5113615.0,2709656.0,2403959.0,0.0,0.0,0.0,20.1708879748237,69138,92787,115775,129660,150886,168893.0,176542.0,183071.0,214888.0,250429.0,260619.0,287499.0,372955.0,411060.0,525579.0,607750.0,0.29420203651233656,0.22134210859454662,0.11326698738003316,0.15160894504963984,0.11274079351661292,0.04429343009212161,0.03631524733421543,0.16024290642437222,0.15305848505261466,0.03988412348890513,0.09815981126515538,0.2602383869636906,0.09728142030868625,0.24576132279144325,0.14526310116192676,6.3801,6.0842,6.3329,5.4396,4.0559,4.0,5.4864,6.5,6.4637,5.5171,5.6,4.0,4.4,4.1,2.9,4.3,5.9,6.2,7.5,6.6,5.2,106085.0,111780.0,119791.0,125032.0,137833.0,150259.0,156200.0,169604.0,170765.0,151979.0,166873.0,171661.0,182816.0,194285.0,5.887,6.75,6.75,7.487,7.929,6.38,6.084,6.333,5.44,4.056,4.0,5.486,6.5,6.464,5.517
Himachal Pradesh,6864602.0,1729252.0,876300.0,852952.0,392126.0,196118.0,196008.0,30.9031463149648,11355,13470,14782,15796,18598,21115.0,21800.0,23339.0,26373.0,29433.0,31306.0,34770.0,40942.0,45325.0,53601.0,61409.0,0.17080681486475058,0.09294523394042287,0.06634651906170674,0.16329730463160352,0.12692964032990162,0.03192628140913634,0.06821581124404119,0.12221497849806617,0.10977573431221188,0.06169327861666751,0.10494517355373922,0.16340148499866025,0.10170232562248493,0.16770896797822488,0.13598867959674799,6.3801,6.0842,6.3329,5.4396,4.0559,4.0,5.4864,6.5,6.4637,5.5171,6.2,4.3,4.6,4.6,0.5,3.5,5.2,6.7,4.5,5.0,4.0,87721.0,92672.0,98816.0,105241.0,112723.0,122208.0,129303.0,136292.0,140999.0,132015.0,137010.0,144824.0,153887.0,162275.0,5.887,6.75,6.75,7.487,7.929,6.38,6.084,6.333,5.44,4.056,4.0,5.486,6.5,6.464,5.517
Jammu and Kashmir,12267032.0,924991.0,486232.0,438759.0,1493299.0,776257.0,717042.0,19.713733525762382,15769,15280,16914,21926,26716,31096.0,35485.0,37194.0,44585.0,53697.0,58663.0,69302.0,79961.0,90525.0,102722.0,109193.0,-0.03150120368507636,0.10159689762165591,0.25953146589231757,0.19758948961104217,0.1518165566865317,0.13203087842702566,0.047037385970890355,0.1812500216390056,0.18595965444562879,0.08845207038436342,0.16666456139143904,0.1430652499988483,0.12408703984458214,0.12640025450538417,0.061090648534955605,6.3801,6.0842,6.3329,5.4396,4.0559,4.0,5.4864,6.5,6.4637,5.5171,6.0,6.0,5.3,6.8,5.3,4.3,6.3,7.2,6.3,4.2,4.5,51775.0,52821.0,54783.0,51649.0,61388.0,62398.0,65621.0,69183.0,68437.0,65539.0,66029.0,69627.0,75955.0,81554.0,5.887,6.75,6.75,7.487,7.929,6.38,6.084,6.333,5.44,4.056,4.0,5.486,6.5,6.464,5.517
Jharkhand,32988134.0,3985644.0,2043458.0,1942186.0,8645042.0,4315407.0,4329635.0,38.288573703501996,22324,26013,29773,33433,38248,42029.0,47180.0,49963.0,54268.0,60470.0,66703.0,76371.0,92188.0,104090.0,125014.0,144525.0,0.1529340801369461,0.13500552947719235,0.11594149362002248,0.13454783516345437,0.09426858488103029,0.11561021777469627,0.05731265751346726,0.08265200313006638,0.10821263966206018,0.09810255513624178,0.13535311354011803,0.18822692728676138,0.12142593927913303,0.18316982150339278,0.14502677193777025,6.3801,6.0842,6.3329,5.4396,4.0559,4.0,5.4864,6.5,6.4637,5.5171,4.7,5.1,5.3,3.9,3.7,4.1,6.0,4.5,6.2,5.7,3.8,41254.0,44176.0,43779.0,48781.0,44524.0,48826.0,52277.0,56133.0,55658.0,51464.0,57172.0,60642.0,64347.0,68357.0,5.887,6.75,6.75,7.487,7.929,6.38,6.084,6.333,5.44,4.056,4.0,5.486,6.5,6.464,5.517
Karnataka,61095297.0,10474992.0,5264545.0,5210447.0,4248987.0,2134754.0,2114233.0,24.10002033380736,224825,252570,292796,332328,381438,429225.0,488117.0,524756.0,582491.0,651149.0,692032.0,750843.0,888922.0,958444.0,1160358.0,1279545.0,0.11636611621710458,0.1477876827739717,0.12664631222886769,0.1378258881140706,0.11803293582868335,0.12857387425180988,0.07237826143648718,0.10438034202514324,0.11142475999136359,0.060893702654992055,0.08156437799222971,0.16881291731668746,0.07530164352512081,0.19117272101938632,0.09777596779317399,6.3801,6.0842,6.3329,5.4396,4.0559,4.0,5.4864,6.5,6.4637,5.5171,6.5,6.7,4.4,3.0,3.3,5.6,5.8,6.1,5.5,5.8,4.9,90263.0,94375.0,101858.0,105697.0,116812.0,131186.0,140747.0,149024.0,156478.0,149578.0,165517.0,182371.0,191970.0,204605.0,5.887,6.75,6.75,7.487,7.929,6.38,6.084,6.333,5.44,4.056,4.0,5.486,6.5,6.464,5.517
Kerala,33406061.0,3039573.0,1477808.0,1561765.0,484839.0,238203.0,246636.0,10.550217219563839,96011,125004,153168,173089,190557,212161.0,227364.0,245827.0,282034.0,326846.0,354384.0,378762.0,424247.0,476457.0,564938.0,615615.0,0.26388296855331106,0.20318962141368502,0.12227055487635319,0.09614544932966851,0.1073940580002013,0.06920683702800545,0.07807577906391039,0.13739959454420259,0.14746148090783784,0.0808919590307422,0.06652696850507489,0.11340779329704098,0.11606164489209903,0.17033851293276037,0.08590577752770656,6.3801,6.0842,6.3329,5.4396,4.0559,4.0,5.4864,6.5,6.4637,5.5171,7.3,4.2,4.3,6.0,4.9,6.1,6.0,4.2,5.8,5.0,5.9,97912.0,103551.0,107846.0,112444.0,120387.0,129251.0,137181.0,147347.0,147951.0,132531.0,147376.0,155299.0,165587.0,173818.0,5.887,6.75,6.75,7.487,7.929,6.38,6.084,6.333,5.44,4.056,4.0,5.486,6.5,6.464,5.517
Lakshadweep,64473.0,0.0,0.0,0.0,61120.0,30515.0,30605.0,94.79937338110527,31,46,55,61,61,69.0,79.0,80.0,82.0,89.0,97.0,97.0,118.0,145.0,167.0,195.0,0.3946541920039488,0.1786917887433761,0.10354067894084018,0.0,0.12323264042394833,0.13534134786976182,0.012578782206859707,0.024692612590372143,0.0819171224678863,0.08607460877124318,0.0,0.19597364596228228,0.2060491179549091,0.14126006999618124,0.15500574614699136,6.3801,6.0842,6.3329,5.4396,4.0559,4.0,5.4864,6.5,6.4637,5.5171,7.6,5.1,1.1,5.0,5.7,8.3,11.1,2.6,7.3,3.6,3.0,,,,,,,,,,,,,,,5.887,6.75,6.75,7.487,7.929,6.38,6.084,6.333,5.44,4.056,4.0,5.486,6.5,6.464,5.517
Madhya Pradesh,72626809.0,11342320.0,5908638.0,5433682.0,15316784.0,7719404.0,7597380.0,36.706974142289525,71617,76800,94522,115667,135788,153034.0,172929.0,190639.0,222153.0,250692.0,274405.0,307614.0,359322.0,393179.0,468541.0,527588.0,0.06987216420151121,0.20762797148417356,0.20188276148117623,0.16037947285817644,0.1195652729498029,0.12222098670751791,0.0975004816533751,0.1529847463918106,0.12085876032525356,0.09038002325515038,0.11424063298980691,0.1553731721648859,0.09004605649710662,0.17535863227799275,0.1186920648912313,6.3801,6.0842,6.3329,5.4396,4.0559,4.0,5.4864,6.5,6.4637,5.5171,5.5,4.4,3.5,2.7,3.5,5.5,7.6,6.5,7.5,4.4,4.7,38497.0,41142.0,42548.0,44027.0,47351.0,52782.0,54824.0,59005.0,60452.0,56037.0,61011.0,63681.0,67301.0,70434.0,5.887,6.75,6.75,7.487,7.929,6.38,6.084,6.333,5.44,4.056,4.0,5.486,6.5,6.464,5.517
Maharashtra,112374333.0,13275898.0,6767759.0,6508139.0,10510213.0,5315025.0,5195188.0,21.166854000370353,996860,1206599,1404674,1590860,1821186,1977298.0,2244286.0,2327351.0,2450160.0,2744200.0,2863779.0,2926015.0,2717399.0,3905707.0,4695201.0,5135539.0,0.19095059839319006,0.15199958914407752,0.1244695031189611,0.1352131866976105,0.08224332905407472,0.12665616425582193,0.036343280414419254,0.05142261761265665,0.11333626495820504,0.042652487811635,0.021499347720714823,-0.07396625622809161,0.3627636440308706,0.18410210640537095,0.0896438805467028,6.3801,6.0842,6.3329,5.4396,4.0559,4.0,5.4864,6.5,6.4637,5.5171,5.5,4.4,4.4,4.1,3.1,4.4,6.8,5.9,7.3,5.1,4.1,99597.0,104008.0,109597.0,115058.0,122889.0,133686.0,137808.0,140782.0,145626.0,127550.0,141651.0,154979.0,166013.0,176678.0,5.887,6.75,6.75,7.487,7.929,6.38,6.084,6.333,5.44,4.056,4.0,5.486,6.5,6.464,5.517
Manipur,2570390.0,97328.0,48863.0,48465.0,1167422.0,588279.0,579143.0,49.20459541159124,1135,1171,1274,1466,1701,1947.0,2480.0,3005.0,4021.0,4900.0,5931.0,7115.0,9163.0,10768.0,11600.0,12866.0,0.031225433682213755,0.08430347253439141,0.14037604631448808,0.14867870994926502,0.1350734129763378,0.24196883378682799,0.1920190078102797,0.2912530599279677,0.19770457720144385,0.19095762774000846,0.18201239868522556,0.2529684044412601,0.1614051369192957,0.07442632520994685,0.10358307487648943,6.3801,6.0842,6.3329,5.4396,4.0559,4.0,5.4864,6.5,6.4637,5.5171,4.7,5.1,10.1,12.4,8.7,6.9,6.7,1.8,1.4,10.0,6.5,39762.0,38954.0,41441.0,44101.0,46389.0,47151.0,51211.0,48106.0,49267.0,44449.0,54587.0,57232.0,61059.0,,5.887,6.75,6.75,7.487,7.929,6.38,6.084,6.333,5.44,4.056,4.0,5.486,6.5,6.464,5.517
Meghalaya,2966889.0,17355.0,9157.0,8198.0,2555861.0,1269728.0,1286133.0,86.7311180162116,1958,2337,2856,3274,3997,4308.0,4499.0,5290.0,5844.0,6480.0,8374.0,9719.0,9512.0,11736.0,14134.0,15241.0,0.1769445114484025,0.2005539889206167,0.13659043447160446,0.19953160078024368,0.07492967956495633,0.04338139056489254,0.16196309601117242,0.09959724801824521,0.10330501647573165,0.2564111572327672,0.1489510649243826,-0.021528573132853168,0.2101068814521998,0.18592220142798155,0.07540592263505097,6.3801,6.0842,6.3329,5.4396,4.0559,4.0,5.4864,6.5,6.4637,5.5171,12.3,7.5,0.6,1.5,2.2,2.8,9.2,3.3,4.3,4.1,4.0,59794.0,60114.0,59729.0,57478.0,58284.0,60752.0,62231.0,64716.0,67229.0,60522.0,65313.0,71217.0,78387.0,84578.0,5.887,6.75,6.75,7.487,7.929,6.38,6.084,6.333,5.44,4.056,4.0,5.486,6.5,6.464,5.517
Mizoram,1097206.0,1218.0,807.0,411.0,1036115.0,516294.0,519821.0,94.54313957451927,1191,1174,1307,1463,1784,2008.0,2370.0,2607.0,3029.0,3405.0,4087.0,5038.0,5982.0,6910.0,7980.0,8987.0,-0.014376568967257697,0.10731771323617956,0.11275468739590266,0.19836891211983065,0.11828116767166463,0.16575075331755684,0.09531017980432566,0.15003239709373517,0.11701240755637521,0.18256626498066453,0.20919797334827805,0.1717457822773376,0.1442146775718225,0.14396877368213978,0.11884067721451785,6.3801,6.0842,6.3329,5.4396,4.0559,4.0,5.4864,6.5,6.4637,5.5171,6.5,4.0,2.1,1.9,2.5,5.1,10.3,6.2,7.9,4.5,3.4,57654.0,60261.0,67594.0,85056.0,91845.0,99089.0,117272.0,119022.0,130741.0,116229.0,123907.0,137682.0,151676.0,,5.887,6.75,6.75,7.487,7.929,6.38,6.084,6.333,5.44,4.056,4.0,5.486,6.5,6.464,5.517
Nagaland,1978502.0,0.0,0.0,0.0,1710973.0,866027.0,844946.0,86.47820421712993,1269,1359,1563,1802,2031,2269.0,2637.0,2970.0,3479.0,3959.0,4596.0,5432.0,6381.0,7628.0,8821.0,9792.0,0.06851994643675585,0.1398579162703335,0.14229010774680617,0.11963112341210191,0.11081092319945629,0.1503027015734455,0.11892004544345891,0.15818294335519578,0.1292465719541891,0.1491948918625159,0.167121030269886,0.1610174346298141,0.17850086285196376,0.14530955453845706,0.10443048349334028,6.3801,6.0842,6.3329,5.4396,4.0559,4.0,5.4864,6.5,6.4637,5.5171,10.5,5.8,5.1,3.4,6.0,3.8,4.8,6.3,6.1,3.4,4.0,53010.0,55482.0,58619.0,60372.0,60663.0,64259.0,66813.0,70218.0,73361.0,68272.0,69531.0,69884.0,77568.0,,5.887,6.75,6.75,7.487,7.929,6.38,6.084,6.333,5.44,4.056,4.0,5.486,6.5,6.464,5.517
Odisha,41974218.0,7188463.0,3617808.0,3570655.0,9590756.0,4727732.0,4863024.0,39.975060404937146,44820,53965,58830,66158,73343,79696.0,85436.0,93366.0,101019.0,119893.0,134862.0,143676.0,183405.0,203732.0,251114.0,281088.0,0.18568121990452902,0.0863162405990554,0.11739389163607328,0.10310124666637854,0.08307232915211138,0.06954816130562946,0.08875969562886965,0.07878136469558861,0.17129106038317055,0.11765235504655891,0.06330873113196134,0.24413605774155656,0.10510858239590526,0.2091016146285476,0.11276076827818571,6.3801,6.0842,6.3329,5.4396,4.0559,4.0,5.4864,6.5,6.4637,5.5171,6.8,6.4,4.9,2.2,2.6,4.6,7.9,3.7,6.0,6.5,6.0,48387.0,50769.0,54209.0,54361.0,57806.0,66416.0,71032.0,75421.0,76439.0,73325.0,85516.0,84213.0,89705.0,96224.0,5.887,6.75,6.75,7.487,7.929,6.38,6.084,6.333,5.44,4.056,4.0,5.486,6.5,6.464,5.517
Puducherry,1247953.0,196325.0,95512.0,100813.0,0.0,0.0,0.0,15.731762333998155,3499,4317,5517,6859,7314,7910.0,8502.0,9336.0,10358.0,11890.0,12823.0,14337.0,16156.0,17608.0,21141.0,23693.0,0.21008350318778923,0.24527351771695294,0.21772742422689007,0.06422866121000581,0.07833746205237269,0.07217364815703675,0.09357646504765604,0.10388127301744454,0.13793854270099004,0.07554272277428886,0.11160317478715243,0.11944788943703522,0.08606184652299476,0.18286093878883491,0.11396536285134395,6.3801,6.0842,6.3329,5.4396,4.0559,4.0,5.4864,6.5,6.4637,5.5171,6.9,8.4,1.3,2.3,4.2,6.2,8.4,5.7,6.2,5.3,4.7,119649.0,119196.0,129127.0,117102.0,121000.0,126532.0,134934.0,155466.0,153411.0,136327.0,135684.0,135528.0,143470.0,154213.0,5.887,6.75,6.75,7.487,7.929,6.38,6.084,6.333,5.44,4.056,4.0,5.486,6.5,6.464,5.517
Punjab,27743338.0,8860179.0,4639875.0,4220304.0,0.0,0.0,0.0,31.93623997227731,95256,118956,139917,162996,182003,196644.0,202471.0,228314.0,220941.0,228853.0,234738.0,252685.0,288331.0,300770.0,360008.0,391262.0,0.22218567268988743,0.16229571281840016,0.15267627097119352,0.11029750982907238,0.07737181689465977,0.02920167906245119,0.12012520806189464,-0.03282617692685896,0.0351841784875333,0.02539012253382289,0.07367365513778346,0.13196547203676268,0.042236727313884614,0.17978040036610743,0.08325115888506929,6.3801,6.0842,6.3329,5.4396,4.0559,4.0,5.4864,6.5,6.4637,5.5171,5.7,3.5,4.4,3.7,3.8,5.0,5.3,4.8,6.1,5.5,4.2,85577.0,88915.0,93238.0,95807.0,100141.0,105848.0,110857.0,115592.0,118487.0,113025.0,118307.0,125197.0,130758.0,136667.0,5.887,6.75,6.75,7.487,7.929,6.38,6.084,6.333,5.44,4.056,4.0,5.486,6.5,6.464,5.517
Rajasthan,68548437.0,12221593.0,6355564.0,5866029.0,9238534.0,4742943.0,4495591.0,31.306515420621476,94307,115710,136945,163166,175331,202956.0,187559.0,212779.0,255728.0,308471.0,334449.0,369374.0,442730.0,485098.0,581568.0,656903.0,0.20453164282673697,0.16849232447928308,0.1751887021247409,0.07190752850398852,0.14631359078364703,-0.07889574419994538,0.12616060580739585,0.18386031123894142,0.18751345605907233,0.08085656589102364,0.09932527930450163,0.1811504225426681,0.09139082895784334,0.18137697169147593,0.12180846272027779,6.3801,6.0842,6.3329,5.4396,4.0559,4.0,5.4864,6.5,6.4637,5.5171,6.6,5.7,5.4,3.2,2.3,5.3,4.4,4.9,6.9,6.4,4.3,57192.0,58441.0,61053.0,64496.0,68565.0,71324.0,73529.0,73975.0,76840.0,73447.0,79490.0,84585.0,90414.0,96638.0,5.887,6.75,6.75,7.487,7.929,6.38,6.084,6.333,5.44,4.056,4.0,5.486,6.5,6.464,5.517
Sikkim,610577.0,28275.0,14454.0,13821.0,206360.0,105261.0,101099.0,38.42840460744509,1167,1246,1326,1345,1364,1465.0,1782.0,1905.0,2272.0,2731.0,3159.0,3800.0,5182.0,5804.0,6520.0,7067.0,0.0655020670608426,0.06222847139840937,0.014227121290131706,0.014027546367468169,0.07143368304775954,0.19588108657958703,0.0667456795300474,0.17617849228023985,0.18400734163266375,0.14558767932838013,0.18474554491239203,0.31019001540757785,0.11335625288202245,0.11632704091662127,0.08056168577015477,6.3801,6.0842,6.3329,5.4396,4.0559,4.0,5.4864,6.5,6.4637,5.5171,6.2,7.0,9.9,4.0,3.9,3.2,7.1,7.3,6.8,3.5,2.5,158667.0,160553.0,168897.0,180675.0,195066.0,207355.0,232483.0,240743.0,248691.0,237212.0,255016.0,273145.0,292339.0,,5.887,6.75,6.75,7.487,7.929,6.38,6.084,6.333,5.44,4.056,4.0,5.486,6.5,6.464,5.517
Tamil Nadu,72147030.0,14438445.0,7204687.0,7233758.0,794697.0,401068.0,393629.0,21.114025067975774,322894,394066,466218,549344,608742,649164.0,682047.0,707383.0,813600.0,880961.0,966506.0,1025781.0,1158606.0,1281173.0,1518843.0,1687805.0,0.19919431197222792,0.16813492793531282,0.16407150319360042,0.10266969353815014,0.06429084861113488,0.04941318918714366,0.03647367439241478,0.13989659991698744,0.07954451234456528,0.09267414951709263,0.05952204605855371,0.1217632846584582,0.10055850620679152,0.1701727962621895,0.10548000737378516,6.3801,6.0842,6.3329,5.4396,4.0559,4.0,5.4864,6.5,6.4637,5.5171,6.2,5.7,3.9,4.9,3.7,5.7,7.5,5.7,6.0,5.4,4.7,93112.0,97257.0,102191.0,107117.0,115875.0,123206.0,133029.0,141844.0,144845.0,143482.0,154269.0,163205.0,178496.0,197747.0,5.887,6.75,6.75,7.487,7.929,6.38,6.084,6.333,5.44,4.056,4.0,5.486,6.5,6.464,5.517
Tripura,3673917.0,654918.0,334370.0,320548.0,1166813.0,588327.0,578486.0,49.585524114997696,2294,2755,3262,3872,4365,5215.0,6109.0,7354.0,8973.0,10370.0,11246.0,11952.0,13562.0,14128.0,16452.0,18224.0,0.1831204238976989,0.16892306159394543,0.17143066521550843,0.11984701987723412,0.1779208991611707,0.158224005214894,0.18548128921145057,0.19897568543684052,0.1446969539255143,0.08109548762857521,0.06088611852045034,0.12637313587118904,0.040886879599954185,0.15228840650657283,0.10229235633664935,6.3801,6.0842,6.3329,5.4396,4.0559,4.0,5.4864,6.5,6.4637,5.5171,13.0,2.7,4.1,3.4,4.3,6.3,9.5,3.8,7.0,6.1,4.6,47155.0,50501.0,54645.0,63992.0,61612.0,69860.0,75020.0,82313.0,83985.0,79123.0,85378.0,91373.0,98606.0,106126.0,5.887,6.75,6.75,7.487,7.929,6.38,6.084,6.333,5.44,4.056,4.0,5.486,6.5,6.464,5.517
Uttar Pradesh,199812341.0,41357608.0,21676975.0,19680633.0,1134273.0,581083.0,553190.0,21.26589418218167,135129,163289,189721,225169,266630,305463.0,330923.0,354027.0,392666.0,444368.0,475157.0,530106.0,646284.0,712314.0,871585.0,972486.0,0.18929175928033004,0.15003293489933078,0.17129665945168782,0.169010698173075,0.1359667288014368,0.08005706156882475,0.06748746149562912,0.1035861963373943,0.12369367022300004,0.06699222776653002,0.10943171081019187,0.19816204910845236,0.09727978977377205,0.20179456776208404,0.10954228630894924,6.3801,6.0842,6.3329,5.4396,4.0559,4.0,5.4864,6.5,6.4637,5.5171,5.9,4.1,4.3,2.4,3.8,5.9,6.1,5.8,7.1,5.8,5.3,32648.0,33596.0,34901.0,35537.0,38184.0,42180.0,42876.0,43454.0,44265.0,40959.0,45294.0,48014.0,51898.0,55990.0,5.887,6.75,6.75,7.487,7.929,6.38,6.084,6.333,5.44,4.056,4.0,5.486,6.5,6.464,5.517
Uttarakhand,10086292.0,1892516.0,968586.0,923930.0,291903.0,148669.0,143234.0,21.65730478554458,14163,17229,20064,22966,27094,30611.0,33703.0,39094.0,44608.0,51462.0,54637.0,58348.0,67751.0,73050.0,89999.0,102097.0,0.19596108031801052,0.1523331539002406,0.1350876969034882,0.16529743980454725,0.12204712032755083,0.09622743268161926,0.14838214836311536,0.13194421260722855,0.1429304560982807,0.05986763768724401,0.06571377330038253,0.1494141375745155,0.07530491839822595,0.20865442096071618,0.1261247826236236,6.3801,6.0842,6.3329,5.4396,4.0559,4.0,5.4864,6.5,6.4637,5.5171,5.0,3.2,3.7,3.9,4.0,5.9,8.1,5.6,6.5,5.6,4.2,100314.0,106359.0,112900.0,118979.0,127249.0,138784.0,148011.0,150179.0,150820.0,127788.0,131794.0,141511.0,150931.0,158819.0,5.887,6.75,6.75,7.487,7.929,6.38,6.084,6.333,5.44,4.056,4.0,5.486,6.5,6.464,5.517
West Bengal,91276115.0,21463270.0,11003304.0,10459966.0,5296953.0,2649974.0,2646979.0,29.31788124417872,169951,200114,238759,270101,295914,320091.0,335847.0,343079.0,367323.0,385465.0,408144.0,413827.0,479463.0,504012.0,566403.0,632168.0,0.16337704395137465,0.17656747082568813,0.12334128813875544,0.09127290844425495,0.07853645879842475,0.048050368746935135,0.021305042232107496,0.06828082863166074,0.048208827723762226,0.05716965561021503,0.013827958783798167,0.14721871553867594,0.049933349677715455,0.11670576166391733,0.10984934263139756,6.3801,6.0842,6.3329,5.4396,4.0559,4.0,5.4864,6.5,6.4637,5.5171,5.4,3.5,5.0,3.7,5.1,4.6,8.7,5.8,7.1,4.5,3.9,51543.0,53157.0,53811.0,54520.0,57255.0,60618.0,64007.0,68195.0,69548.0,62852.0,70100.0,73793.0,77933.0,82781.0,5.887,6.75,6.75,7.487,7.929,6.38,6.084,6.333,5.44,4.056,4.0,5.486,6.5,6.464,5.517
