state,year,scst,credit,g,repo,repo_l,cpi,nsdp,lnnsdp,repo_x_scst
Andaman & Nicobar Islands,2011,7.496433085203938,682.0,15.789473684210531,5.887,5.887,,,,44.13150157259558
Andaman & Nicobar Islands,2012,7.496433085203938,774.0,13.489736070381241,6.75,5.887,,89100.0,11.3975146134589,50.60092332512658
Andaman & Nicobar Islands,2013,7.496433085203938,898.0,16.020671834625322,6.75,6.75,,92644.0,11.436519469767603,50.60092332512658
Andaman & Nicobar Islands,2014,7.496433085203938,1014.0,12.917594654788411,7.487,6.75,,98735.0,11.50019477249141,56.125794508921885
Andaman & Nicobar Islands,2015,7.496433085203938,1182.0,16.568047337278102,7.929,7.487,6.7,106711.0,11.577879524759654,59.439217932582025
Andaman & Nicobar Islands,2016,7.496433085203938,1429.0,20.896785109983075,6.38,7.929,6.4,114660.0,11.649726506462374,47.827243083601125
Andaman & Nicobar Islands,2017,7.496433085203938,1579.0,10.496850944716595,6.084,6.38,6.2,129532.0,11.771683233843607,45.60829889038075
Andaman & Nicobar Islands,2018,7.496433085203938,1843.0,16.719442685243834,6.333,6.084,3.6,145562.0,11.888357391670175,47.47491072859654
Andaman & Nicobar Islands,2019,7.496433085203938,2173.0,17.905588714053167,5.44,6.333,6.9,154233.0,11.946219724997068,40.78059598350942
Andaman & Nicobar Islands,2020,7.496433085203938,2381.0,9.572020248504366,4.056,5.44,6.5,161564.0,11.992656627974474,30.40553259358717
Andaman & Nicobar Islands,2021,7.496433085203938,2795.0,17.387652246955064,4.0,4.056,6.3,146995.0,11.898153851576955,29.98573234081575
Andaman & Nicobar Islands,2022,7.496433085203938,3462.0,23.86404293381037,5.486,4.0,6.0,160513.0,11.986130215156873,41.1254319054288
Andaman & Nicobar Islands,2023,7.496433085203938,3675.0,6.15251299826689,6.5,5.486,6.1,170292.0,12.045269889622539,48.7268150538256
Andaman & Nicobar Islands,2024,7.496433085203938,4110.0,11.83673469387756,6.464,6.5,3.5,178431.0,12.091957250848486,48.456943462758254
Andaman & Nicobar Islands,2025,7.496433085203938,4463.0,8.588807785888086,5.517,6.464,2.7,,,41.35782133107013
Andhra Pradesh + Telangana,2011,33.593574104905656,321243.0,22.57206631436366,5.887,5.887,,,,197.7653707555796
Andhra Pradesh + Telangana,2012,33.593574104905656,384212.0,19.601672254337068,6.75,5.887,,160121.0,11.98368505840302,226.75662520811318
Andhra Pradesh + Telangana,2013,33.593574104905656,440659.0,14.691628580054772,6.75,6.75,,161597.0,11.992860860540377,226.75662520811318
Andhra Pradesh + Telangana,2014,33.593574104905656,490843.0,11.388397831429753,7.487,6.75,,168293.0,12.033461786919377,251.51508932342864
Andhra Pradesh + Telangana,2015,33.593574104905656,532161.0,8.417762909932502,7.929,7.487,5.5,180598.0,12.104028845706582,266.36344907779693
Andhra Pradesh + Telangana,2016,33.593574104905656,594832.0,11.776699156834125,6.38,7.929,7.4,200876.0,12.210443081247709,214.3270027892981
Andhra Pradesh + Telangana,2017,33.593574104905656,647399.0,8.83728514942035,6.084,6.38,5.2,215627.0,12.281305342087064,204.383304854246
Andhra Pradesh + Telangana,2018,33.593574104905656,757814.0,17.05516999562866,6.333,6.084,3.4,234680.0,12.365978163039797,212.74810480636754
Andhra Pradesh + Telangana,2019,33.593574104905656,852852.0,12.54107208365114,5.44,6.333,1.1,255630.0,12.451486365490112,182.74904313068677
Andhra Pradesh + Telangana,2020,33.593574104905656,923273.0,8.257118468386082,4.056,5.44,3.5,263873.0,12.483223205775618,136.25553656949734
Andhra Pradesh + Telangana,2021,33.593574104905656,1037725.0,12.3963334788302,4.0,4.056,9.0,251714.0,12.436048801348525,134.37429641962262
Andhra Pradesh + Telangana,2022,33.593574104905656,1211417.0,16.737767713026088,5.486,4.0,5.8,274804.0,12.523813395265151,184.29434753951242
Andhra Pradesh + Telangana,2023,33.593574104905656,1341342.0,10.725043482137032,6.5,5.486,7.6,291116.0,12.581477092153174,218.35823168188676
Andhra Pradesh + Telangana,2024,33.593574104905656,1607967.0,19.877480910908616,6.464,6.5,5.5,310188.0,12.644933844256766,217.14886301411016
Andhra Pradesh + Telangana,2025,33.593574104905656,1768421.0,9.978687373559293,5.517,6.464,4.4,333737.0,12.718108536627113,185.3357483367645
Arunachal Pradesh,2011,68.78676212865689,1231.0,8.267370272647323,5.887,5.887,,,,404.9476686514031
Arunachal Pradesh,2012,68.78676212865689,1375.0,11.69780666125102,6.75,5.887,,73540.0,11.205584754855263,464.310644368434
Arunachal Pradesh,2013,68.78676212865689,1531.0,11.345454545454547,6.75,6.75,,73960.0,11.211279685501061,464.310644368434
Arunachal Pradesh,2014,68.78676212865689,1784.0,16.525146962769433,7.487,6.75,,79004.0,11.277253763078749,515.0064880572542
Arunachal Pradesh,2015,68.78676212865689,2146.0,20.2914798206278,7.929,7.487,6.0,91034.0,11.41898834209166,545.4102369181205
Arunachal Pradesh,2016,68.78676212865689,2533.0,18.033550792171482,6.38,7.929,4.8,88768.0,11.393781503674504,438.85954238083093
Arunachal Pradesh,2017,68.78676212865689,2843.0,12.238452427951053,6.084,6.38,2.6,91311.0,11.422026541253405,418.4986607907485
Arunachal Pradesh,2018,68.78676212865689,3362.0,18.255364052057676,6.333,6.084,4.4,94000.0,11.451050061252142,435.6265645607841
Arunachal Pradesh,2019,68.78676212865689,3834.0,14.039262343842939,5.44,6.333,5.9,99570.0,11.50861619338213,374.1999859798935
Arunachal Pradesh,2020,68.78676212865689,4277.0,11.554512258737603,4.056,5.44,6.0,113081.0,11.635859655065206,278.99910719383234
Arunachal Pradesh,2021,68.78676212865689,4920.0,15.033902267944832,4.0,4.056,8.5,105892.0,11.570174985770922,275.14704851462756
Arunachal Pradesh,2022,68.78676212865689,6053.0,23.02845528455284,5.486,4.0,4.0,104980.0,11.56152513480629,377.36417703781166
Arunachal Pradesh,2023,68.78676212865689,7279.0,20.254419296216742,6.5,5.486,6.5,106512.0,11.576012933840484,447.1139538362698
Arunachal Pradesh,2024,68.78676212865689,8735.0,20.002747630168983,6.464,6.5,4.6,110766.0,11.615175146998624,444.63763039963817
Arunachal Pradesh,2025,68.78676212865689,10273.0,17.607326846021753,5.517,6.464,5.1,120943.0,11.70307463920832,379.4965666638001
Assam,2011,19.598074395422152,21377.0,16.388087330538468,5.887,5.887,,,,115.3738639658502
Assam,2012,19.598074395422152,25124.0,17.528184497356982,6.75,5.887,,41142.0,10.624784776512419,132.28700216909954
Assam,2013,19.598074395422152,28525.0,13.536857188345808,6.75,6.75,,41609.0,10.636071769003747,132.28700216909954
Assam,2014,19.598074395422152,31630.0,10.8851884312007,7.487,6.75,,43002.0,10.669001905221974,146.73078299852565
Assam,2015,19.598074395422152,35715.0,12.914954157445457,7.929,7.487,6.7,44809.0,10.710164291083952,155.39313188130225
Assam,2016,19.598074395422152,43202.0,20.96318073638528,6.38,7.929,4.5,50642.0,10.832536550508946,125.03571464279332
Assam,2017,19.598074395422152,48754.0,12.851256886255257,6.084,6.38,3.9,53575.0,10.888837820341777,119.23468462174837
Assam,2018,19.598074395422152,57186.0,17.29499118021085,6.333,6.084,2.7,57835.0,10.965349407729502,124.11460514620849
Assam,2019,19.598074395422152,65150.0,13.926485503444908,5.44,6.333,3.9,59943.0,11.001149389668242,106.61352471109652
Assam,2020,19.598074395422152,70625.0,8.40368380660015,4.056,5.44,2.2,61519.0,11.02710134917095,79.48978974783225
Assam,2021,19.598074395422152,80871.0,14.507610619469036,4.0,4.056,7.3,62944.0,11.050000721188786,78.39229758168861
Assam,2022,19.598074395422152,95992.0,18.697679019673295,5.486,4.0,4.7,63657.0,11.06126457437221,107.51503613328592
Assam,2023,19.598074395422152,107839.0,12.341653471122594,6.5,5.486,5.7,71551.0,11.178165761127321,127.38748357024399
Assam,2024,19.598074395422152,127803.0,18.512782944945716,6.464,6.5,5.8,80089.0,11.290893795286475,126.6819528920088
Assam,2025,19.598074395422152,146867.0,14.91670774551459,5.517,6.464,6.0,85988.0,11.361963030616026,108.12257643954402
Bihar,2011,17.19883981713948,35167.0,20.745064377682397,5.887,5.887,,,,101.24957000350011
Bihar,2012,17.19883981713948,41413.0,17.760969090340375,6.75,5.887,,21750.0,9.98736903651683,116.09216876569148
Bihar,2013,17.19883981713948,49832.0,20.32936517518653,6.75,6.75,,22201.0,10.007892611890918,116.09216876569148
Bihar,2014,17.19883981713948,62462.0,25.34515973671536,7.487,6.75,,22776.0,10.033462628957874,128.7677137109233
Bihar,2015,17.19883981713948,72862.0,16.650123274951167,7.929,7.487,6.4,23223.0,10.052898445872824,136.36960091009894
Bihar,2016,17.19883981713948,81270.0,11.539622848672826,6.38,7.929,3.6,24064.0,10.088472226749566,109.72859803334987
Bihar,2017,17.19883981713948,91294.0,12.334194659776054,6.084,6.38,3.9,25455.0,10.144667466336436,104.63774144747659
Bihar,2018,17.19883981713948,101253.0,10.90871251122747,6.333,6.084,3.8,26719.0,10.193130201800543,108.92025256194432
Bihar,2019,17.19883981713948,122446.0,20.93073785468085,5.44,6.333,4.0,29092.0,10.27821850127443,93.56168860523877
Bihar,2020,17.19883981713948,135679.0,10.807212975515746,4.056,5.44,4.8,29798.0,10.302196556147285,69.75849429831773
Bihar,2021,17.19883981713948,159318.0,17.422740438829877,4.0,4.056,4.8,26839.0,10.197611332567385,68.79535926855792
Bihar,2022,17.19883981713948,195592.0,22.76829987823097,5.486,4.0,5.3,27674.0,10.22824862322933,94.35283523682718
Bihar,2023,17.19883981713948,220827.0,12.901856926663658,6.5,5.486,5.9,30678.0,10.331301064308054,111.79245881140662
Bihar,2024,17.19883981713948,264746.0,19.888419441463224,6.464,6.5,4.3,33966.0,10.433115303264715,111.17330057798961
Bihar,2025,17.19883981713948,292274.0,10.397890808548581,5.517,6.464,4.3,36342.0,10.500729376209001,94.88599927115851
Chandigarh,2011,18.86266521388981,46221.0,11.97218924877057,5.887,5.887,,,,111.0445101141693
Chandigarh,2012,18.86266521388981,45486.0,-1.590186278964112,6.75,5.887,,158967.0,11.976451912491664,127.32299019375621
Chandigarh,2013,18.86266521388981,57852.0,27.186387020182035,6.75,6.75,,169336.0,12.039640185800007,127.32299019375621
Chandigarh,2014,18.86266521388981,57897.0,0.0777846919726155,7.487,6.75,,180615.0,12.104122972994428,141.224774456393
Chandigarh,2015,18.86266521388981,58699.0,1.385218577819236,7.929,7.487,6.4,182867.0,12.116514391637597,149.5620724809323
Chandigarh,2016,18.86266521388981,54458.0,-7.224995315082028,6.38,7.929,6.8,195205.0,12.181805567387176,120.34380406461698
Chandigarh,2017,18.86266521388981,60025.0,10.222556832788566,6.084,6.38,3.5,208231.0,12.24640331937219,114.76045516130559
Chandigarh,2018,18.86266521388981,69673.0,16.073302790503963,6.333,6.084,2.7,218201.0,12.293171935322027,119.45725879956416
Chandigarh,2019,18.86266521388981,76111.0,9.240308297331822,5.44,6.333,2.4,227231.0,12.333722400183515,102.61289876356057
Chandigarh,2020,18.86266521388981,78690.0,3.388472099959272,4.056,5.44,2.5,239373.0,12.38577828379076,76.50697010753707
Chandigarh,2021,18.86266521388981,78153.0,-0.6824247045367882,4.0,4.056,8.0,209158.0,12.250845226198596,75.45066085555924
Chandigarh,2022,18.86266521388981,82007.0,4.931352603227013,5.486,4.0,4.8,222250.0,12.31155815337615,103.48058136339948
Chandigarh,2023,18.86266521388981,75587.0,-7.828599997561181,6.5,5.486,4.7,253004.0,12.441160577861355,122.60732389028375
Chandigarh,2024,18.86266521388981,83008.0,9.817825816608682,6.464,6.5,3.4,275139.0,12.525031703495044,121.92826794258373
Chandigarh,2025,18.86266521388981,91035.0,9.670152274479559,5.517,6.464,5.8,,,104.06532398503008
Chhattisgarh,2011,43.44131918648663,29742.0,19.082319026265203,5.887,5.887,,,,255.73904605084678
Chhattisgarh,2012,43.44131918648663,36634.0,23.172617846815946,6.75,5.887,,55177.0,10.918301478768845,293.22890450878475
Chhattisgarh,2013,43.44131918648663,44597.0,21.736638095758032,6.75,6.75,,56777.0,10.946886593125658,293.22890450878475
Chhattisgarh,2014,43.44131918648663,52617.0,17.983272417427187,7.487,6.75,,61409.0,11.025311683198025,325.24515674922543
Chhattisgarh,2015,43.44131918648663,61062.0,16.049945834996304,7.929,7.487,4.3,61122.0,11.020627145818121,344.4462198296525
Chhattisgarh,2016,43.44131918648663,66405.0,8.750122825980156,6.38,7.929,5.3,61433.0,11.02570242903911,277.15561640978467
Chhattisgarh,2017,43.44131918648663,74179.0,11.706949777878162,6.084,6.38,5.6,67139.0,11.114520376172287,264.29698593058464
Chhattisgarh,2018,43.44131918648663,83656.0,12.775853004219528,6.333,6.084,2.8,68374.0,11.132747914388814,275.11387440801985
Chhattisgarh,2019,43.44131918648663,90253.0,7.885865927130142,5.44,6.333,1.8,75438.0,11.231066405821236,236.32077637448728
Chhattisgarh,2020,43.44131918648663,100164.0,10.981352420418155,4.056,5.44,4.7,76827.0,11.249311419852148,176.1979906203898
Chhattisgarh,2021,43.44131918648663,108588.0,8.41020726009345,4.0,4.056,4.2,74489.0,11.218406742459457,173.76527674594652
Chhattisgarh,2022,43.44131918648663,138103.0,27.18071978487493,5.486,4.0,7.7,78350.0,11.268941247784166,238.31907705706564
Chhattisgarh,2023,43.44131918648663,156810.0,13.545686914838928,6.5,5.486,6.4,82699.0,11.322962789040247,282.3685747121631
Chhattisgarh,2024,43.44131918648663,185447.0,18.262228174223583,6.464,6.5,6.5,87681.0,11.381460507226294,280.8046872214496
Chhattisgarh,2025,43.44131918648663,213314.0,15.02693491941094,5.517,6.464,4.8,93161.0,11.44208445816136,239.66575795184676
Dadra & Nagar Haveli and Daman & Diu,2011,35.20820671806393,784.0,-9.781357882623709,5.887,5.887,,,,207.27071294924232
Dadra & Nagar Haveli and Daman & Diu,2012,35.20820671806393,836.0,6.632653061224492,6.75,5.887,,,,237.6553953469315
Dadra & Nagar Haveli and Daman & Diu,2013,35.20820671806393,1237.0,47.9665071770335,6.75,6.75,,,,237.6553953469315
Dadra & Nagar Haveli and Daman & Diu,2014,35.20820671806393,1571.0,27.000808407437347,7.487,6.75,,,,263.6038436981446
Dadra & Nagar Haveli and Daman & Diu,2015,35.20820671806393,1768.0,12.53978357733927,7.929,7.487,7.0,,,279.1658710675289
Dadra & Nagar Haveli and Daman & Diu,2016,35.20820671806393,1955.0,10.576923076923084,6.38,7.929,9.2,,,224.62835886124785
Dadra & Nagar Haveli and Daman & Diu,2017,35.20820671806393,2316.0,18.46547314578004,6.084,6.38,5.0,,,214.20672967270093
Dadra & Nagar Haveli and Daman & Diu,2018,35.20820671806393,2947.0,27.24525043177892,6.333,6.084,6.5,,,222.97357314549885
Dadra & Nagar Haveli and Daman & Diu,2019,35.20820671806393,3585.0,21.649134713267728,5.44,6.333,-1.9,,,191.5326445462678
Dadra & Nagar Haveli and Daman & Diu,2020,35.20820671806393,4458.0,24.35146443514644,4.056,5.44,0.8,,,142.8044864484673
Dadra & Nagar Haveli and Daman & Diu,2021,35.20820671806393,4089.0,-8.277254374158815,4.0,4.056,6.9,,,140.8328268722557
Dadra & Nagar Haveli and Daman & Diu,2022,35.20820671806393,6766.0,65.46832966495475,5.486,4.0,6.3,,,193.1522220552987
Dadra & Nagar Haveli and Daman & Diu,2023,35.20820671806393,5407.0,-20.08572273130358,6.5,5.486,5.6,,,228.85334366741552
Dadra & Nagar Haveli and Daman & Diu,2024,35.20820671806393,6900.0,27.61235435546514,6.464,6.5,4.8,,,227.58584822556523
Dadra & Nagar Haveli and Daman & Diu,2025,35.20820671806393,7625.0,10.507246376811597,5.517,6.464,4.9,,,194.2436764635587
Delhi,2011,16.75195904012291,551995.0,30.94289225105207,5.887,5.887,,,,98.61878286920356
Delhi,2012,16.75195904012291,653735.0,18.431326370709876,6.75,5.887,,185001.0,12.128116509451258,113.07572352082964
Delhi,2013,16.75195904012291,734637.0,12.37535086847117,6.75,6.75,,192220.0,12.166395828377276,113.07572352082964
Delhi,2014,16.75195904012291,844416.0,14.943298527027626,7.487,6.75,,200702.0,12.209576499856851,125.42191733340022
Delhi,2015,16.75195904012291,907347.0,7.45260629831741,7.929,7.487,5.6,213669.0,12.272183367611888,132.82628322913456
Delhi,2016,16.75195904012291,970511.0,6.961394042191138,6.38,7.929,4.9,233115.0,12.359287173017822,106.87749867598416
Delhi,2017,16.75195904012291,965047.0,-0.563002377098254,6.084,6.38,5.3,244255.0,12.405968040524574,101.91891880010778
Delhi,2018,16.75195904012291,1076998.0,11.60057489427977,6.333,6.084,4.8,252960.0,12.440986652443298,106.09015660109839
Delhi,2019,16.75195904012291,1300026.0,20.70830215097892,5.44,6.333,2.7,257597.0,12.459151627181788,91.13065717826863
Delhi,2020,16.75195904012291,1365110.0,5.006361411233318,4.056,5.44,3.7,260559.0,12.470584602055125,67.94594586673851
Delhi,2021,16.75195904012291,1315663.0,-3.6221989436748703,4.0,4.056,3.3,228162.0,12.33781118194805,67.00783616049164
Delhi,2022,16.75195904012291,1425079.0,8.316415373845732,5.486,4.0,6.0,239821.0,12.387648090718743,91.90124729411427
Delhi,2023,16.75195904012291,1496251.0,4.99424944160991,6.5,5.486,4.0,252768.0,12.440227350964145,108.88773376079891
Delhi,2024,16.75195904012291,1680085.0,12.286307578073474,6.464,6.5,2.6,271490.0,12.511680585265275,108.28466323535449
Delhi,2025,16.75195904012291,1900568.0,13.123324117529766,5.517,6.464,2.4,283093.0,12.55353074454915,92.42055802435809
Goa,2011,11.979335570722878,9201.0,19.045154612498383,5.887,5.887,,,,70.52234850484558
Goa,2012,11.979335570722878,10241.0,11.303119226171066,6.75,5.887,,259444.0,12.46629615868535,80.86051510237942
Goa,2013,11.979335570722878,11470.0,12.000781173713504,6.75,6.75,,220019.0,12.301469185241737,80.86051510237942
Goa,2014,11.979335570722878,12939.0,12.807323452484741,7.487,6.75,,188358.0,12.146099686335521,89.68928541800219
Goa,2015,11.979335570722878,13747.0,6.244686606383798,7.929,7.487,6.5,241081.0,12.39288825558904,94.9841517402617
Goa,2016,11.979335570722878,15142.0,10.147668582236125,6.38,7.929,4.7,278601.0,12.53753592969685,76.42816094121196
Goa,2017,11.979335570722878,15856.0,4.715361246863026,6.084,6.38,5.1,305875.0,12.630931800744973,72.88227761227799
Goa,2018,11.979335570722878,17427.0,9.90792129162461,6.333,6.084,3.8,308296.0,12.638815639414466,75.86513216938799
Goa,2019,11.979335570722878,18803.0,7.895793883055036,5.44,6.333,2.6,308753.0,12.640296883476308,65.16758550473246
Goa,2020,11.979335570722878,19242.0,2.334733819071433,4.056,5.44,4.3,313973.0,12.657062273932127,48.58818507485199
Goa,2021,11.979335570722878,21038.0,9.333749090531128,4.0,4.056,6.9,295023.0,12.594808598384454,47.91734228289151
Goa,2022,11.979335570722878,24092.0,14.516589029375426,5.486,4.0,4.6,294563.0,12.593248181097279,65.71863494098571
Goa,2023,11.979335570722878,25566.0,6.118213514859705,6.5,5.486,3.2,333709.0,12.718024634708406,77.8656812096987
Goa,2024,11.979335570722878,29810.0,16.60017210357505,6.464,6.5,3.0,357611.0,12.787201082434796,77.43442512915269
Goa,2025,11.979335570722878,32244.0,8.165045286816497,5.517,6.464,3.5,,,66.08999434367811
Gujarat,2011,21.495180683581246,171748.0,22.242309499067602,5.887,5.887,,,,126.54212868424278
Gujarat,2012,21.495180683581246,213421.0,24.264038009176225,6.75,5.887,,87481.0,11.37917690590964,145.0924696141734
Gujarat,2013,21.495180683581246,261277.0,22.423285431143135,6.75,6.75,,96683.0,11.479192864538723,145.0924696141734
Gujarat,2014,21.495180683581246,309819.0,18.578749756006086,7.487,6.75,,102589.0,11.538485993495504,160.93441777797278
Gujarat,2015,21.495180683581246,347117.0,12.038641916732029,7.929,7.487,5.5,111370.0,11.620613270387146,170.43528764011572
Gujarat,2016,21.495180683581246,390758.0,12.572417945534209,6.38,7.929,4.9,120683.0,11.700922552095602,137.13925276124834
Gujarat,2017,21.495180683581246,415846.0,6.420342001955182,6.084,6.38,5.1,129738.0,11.77327231120195,130.7766792789083
Gujarat,2018,21.495180683581246,483921.0,16.370242830278524,6.333,6.084,2.6,143604.0,11.874814790361517,136.12897926912004
Gujarat,2019,21.495180683581246,532150.0,9.966296151644594,5.44,6.333,2.5,154887.0,11.950451097770074,116.93378291868198
Gujarat,2020,21.495180683581246,552428.0,3.8105797237620864,4.056,5.44,3.7,164060.0,12.00798749355674,87.18445285260553
Gujarat,2021,21.495180683581246,580273.0,5.0404758629178925,4.0,4.056,5.9,156285.0,11.959436542514394,85.98072273432498
Gujarat,2022,21.495180683581246,758868.0,30.777754608606635,5.486,4.0,5.5,170519.0,12.04660200644722,117.92256123012672
Gujarat,2023,21.495180683581246,734431.0,-3.220191126783578,6.5,5.486,6.9,181963.0,12.11155864868806,139.7186744432781
Gujarat,2024,21.495180683581246,888934.0,21.037102192037093,6.464,6.5,5.7,,,138.9448479386692
Gujarat,2025,21.495180683581246,1014466.0,14.12163332710865,5.517,6.464,4.4,,,118.58891183131774
Haryana,2011,20.1708879748237,92787.0,34.20550203939947,5.887,5.887,,,,118.74601750778712
Haryana,2012,20.1708879748237,115775.0,24.77502236304654,6.75,5.887,,106085.0,11.571995938547216,136.15349383005997
Haryana,2013,20.1708879748237,129660.0,11.993090045346587,6.75,6.75,,111780.0,11.62428793282369,136.15349383005997
Haryana,2014,20.1708879748237,150886.0,16.370507481104426,7.487,6.75,,119791.0,11.693503836632765,151.01943826750505
Haryana,2015,20.1708879748237,168893.0,11.934175470222552,7.929,7.487,5.6,125032.0,11.73632498352203,159.93497075237713
Haryana,2016,20.1708879748237,176542.0,4.528902914863253,6.38,7.929,4.0,137833.0,11.833798086395163,128.6902652793752
Haryana,2017,20.1708879748237,183071.0,3.698270100032852,6.084,6.38,4.4,150259.0,11.9201157507699,122.71968243882738
Haryana,2018,20.1708879748237,214888.0,17.37959589448903,6.333,6.084,4.1,156200.0,11.958892516387722,127.74223354455849
Haryana,2019,20.1708879748237,250429.0,16.539313502847985,5.44,6.333,2.9,169604.0,12.041221586967481,109.72963058304093
Haryana,2020,20.1708879748237,260619.0,4.0690175658569805,4.056,5.44,4.3,170765.0,12.04804362130525,81.81312162588493
Haryana,2021,20.1708879748237,287499.0,10.313906507200166,4.0,4.056,5.9,151979.0,11.931497632388995,80.6835518992948
Haryana,2022,20.1708879748237,372955.0,29.723929474537304,5.486,4.0,6.2,166873.0,12.024988323046104,110.65749142988281
Haryana,2023,20.1708879748237,411060.0,10.217050314381094,6.5,5.486,7.5,171661.0,12.053276880724193,131.11077183635405
Haryana,2024,20.1708879748237,525579.0,27.85943657860166,6.464,6.5,6.6,182816.0,12.11623546152419,130.3846198692604
Haryana,2025,20.1708879748237,607750.0,15.634376563751594,5.517,6.464,5.2,194285.0,12.177081432179575,111.28278895710235
Himachal Pradesh,2011,30.9031463149648,13470.0,18.62615587846763,5.887,5.887,,,,181.92682235619776
Himachal Pradesh,2012,30.9031463149648,14782.0,9.740163325909435,6.75,5.887,,87721.0,11.381916602375647,208.5962376260124
Himachal Pradesh,2013,30.9031463149648,15796.0,6.859694222703294,6.75,6.75,,92672.0,11.436821656305334,208.5962376260124
Himachal Pradesh,2014,30.9031463149648,18598.0,17.73866801721955,7.487,6.75,,98816.0,11.501014813944394,231.37185646014146
Himachal Pradesh,2015,30.9031463149648,21115.0,13.533713302505657,7.929,7.487,6.2,105241.0,11.564008237199545,245.0310471313559
Himachal Pradesh,2016,30.9031463149648,21800.0,3.2441392375088807,6.38,7.929,4.3,112723.0,11.632688760838697,197.16207348947543
Himachal Pradesh,2017,30.9031463149648,23339.0,7.059633027522927,6.084,6.38,4.6,122208.0,11.713479790025243,188.01474218024583
Himachal Pradesh,2018,30.9031463149648,26373.0,12.99970007283946,6.333,6.084,4.6,129303.0,11.769913766346939,195.70962561267208
Himachal Pradesh,2019,30.9031463149648,29433.0,11.602775565919687,5.44,6.333,0.5,136292.0,11.822554921904834,168.11311595340854
Himachal Pradesh,2020,30.9031463149648,31306.0,6.363605476845713,4.056,5.44,3.5,140999.0,11.856508077136574,125.34316145349723
Himachal Pradesh,2021,30.9031463149648,34770.0,11.06497157094486,4.0,4.056,5.2,132015.0,11.790670831476021,123.6125852598592
Himachal Pradesh,2022,30.9031463149648,40942.0,17.750934713833754,5.486,4.0,6.7,137010.0,11.827809194847154,169.53466068389687
Himachal Pradesh,2023,30.9031463149648,45325.0,10.705388110009274,6.5,5.486,4.5,144824.0,11.88327449105578,200.87045104727122
Himachal Pradesh,2024,30.9031463149648,53601.0,18.2592388306674,6.464,6.5,5.0,153887.0,11.943973845823795,199.7579377799325
Himachal Pradesh,2025,30.9031463149648,61409.0,14.566892408723708,5.517,6.464,4.0,162275.0,11.99704770590167,170.49265821966083
Jammu and Kashmir,2011,19.713733525762382,15280.0,-3.1010209905510844,5.887,5.887,,,,116.05474926616314
Jammu and Kashmir,2012,19.713733525762382,16914.0,10.693717277486915,6.75,5.887,,51775.0,10.854662686263785,133.06770129889608
Jammu and Kashmir,2013,19.713733525762382,21926.0,29.632257301643605,6.75,6.75,,52821.0,10.874664117894554,133.06770129889608
Jammu and Kashmir,2014,19.713733525762382,26716.0,21.846209979020337,7.487,6.75,,54783.0,10.911135205830144,147.59672290738297
Jammu and Kashmir,2015,19.713733525762382,31096.0,16.394669860757595,7.929,7.487,6.0,51649.0,10.852226113276135,156.31019312576993
Jammu and Kashmir,2016,19.713733525762382,35485.0,14.114355544121437,6.38,7.929,6.0,61388.0,11.024969655294985,125.773619894364
Jammu and Kashmir,2017,19.713733525762382,37194.0,4.816119487107229,6.084,6.38,5.3,62398.0,11.041288502561814,119.93835477073833
Jammu and Kashmir,2018,19.713733525762382,44585.0,19.87148464806152,6.333,6.084,6.8,65621.0,11.0916510456553,124.84707441865318
Jammu and Kashmir,2019,19.713733525762382,53697.0,20.437366827408333,5.44,6.333,5.3,69183.0,11.144510446685352,107.24271038014737
Jammu and Kashmir,2020,19.713733525762382,58663.0,9.24818891185728,4.056,5.44,4.3,68437.0,11.133668893030196,79.95890318049223
Jammu and Kashmir,2021,19.713733525762382,69302.0,18.13579257794522,4.0,4.056,6.3,65539.0,11.090400664278606,78.85493410304953
Jammu and Kashmir,2022,19.713733525762382,79961.0,15.380508499033208,5.486,4.0,7.2,66029.0,11.097849318442707,108.14954212233242
Jammu and Kashmir,2023,19.713733525762382,90525.0,13.21144057728143,6.5,5.486,6.3,69627.0,11.150907702131205,128.1392679174555
Jammu and Kashmir,2024,19.713733525762382,102722.0,13.473626070146372,6.464,6.5,4.2,75955.0,11.237896338641763,127.42957351052804
Jammu and Kashmir,2025,19.713733525762382,109193.0,6.2995268783707425,5.517,6.464,4.5,81554.0,11.309020656509048,108.76066786163108
Jharkhand,2011,38.288573703502,26013.0,16.5248163411575,5.887,5.887,,,,225.40483339251628
Jharkhand,2012,38.288573703502,29773.0,14.454311305885525,6.75,5.887,,41254.0,10.62750335675854,258.4478724986385
Jharkhand,2013,38.288573703502,33433.0,12.293017163201569,6.75,6.75,,44176.0,10.695936934169936,258.4478724986385
Jharkhand,2014,38.288573703502,38248.0,14.401938204767738,7.487,6.75,,43779.0,10.686909529335855,286.6665513181195
Jharkhand,2015,38.288573703502,42029.0,9.885484208324623,7.929,7.487,4.7,48781.0,10.795096171764786,303.5901008950674
Jharkhand,2016,38.288573703502,47180.0,12.255823360060901,6.38,7.929,5.1,44524.0,10.703783648613117,244.28110022834278
Jharkhand,2017,38.288573703502,49963.0,5.898685883849097,6.084,6.38,5.3,48826.0,10.796018236845944,232.94768241210616
Jharkhand,2018,38.288573703502,54268.0,8.616376118327572,6.333,6.084,3.9,52277.0,10.864311782771091,242.4815372642782
Jharkhand,2019,38.288573703502,60470.0,11.428466131053284,5.44,6.333,3.7,56133.0,10.935479153862342,208.28984094705092
Jharkhand,2020,38.288573703502,66703.0,10.307590540764021,4.056,5.44,4.1,55658.0,10.926981101987296,155.29845494140412
Jharkhand,2021,38.288573703502,76371.0,14.494100715110259,4.0,4.056,6.0,51464.0,10.848637813090836,153.154294814008
Jharkhand,2022,38.288573703502,92188.0,20.710740988071397,5.486,4.0,4.5,57172.0,10.953819547029006,210.05111533741197
Jharkhand,2023,38.288573703502,104090.0,12.91057404434417,6.5,5.486,6.2,60642.0,11.012743001302718,248.87572907276302
Jharkhand,2024,38.288573703502,125014.0,20.10183495052358,6.464,6.5,5.7,64347.0,11.072045591890905,247.49734041943697
Jharkhand,2025,38.288573703502,144525.0,15.607052010174872,5.517,6.464,3.8,68357.0,11.13249925095349,211.23806112222056
Karnataka,2011,24.10002033380736,252570.0,12.34070944067609,5.887,5.887,,,,141.87681970512392
Karnataka,2012,24.10002033380736,292796.0,15.9266737934038,6.75,5.887,,90263.0,11.41048291014307,162.6751372531997
Karnataka,2013,24.10002033380736,332328.0,13.501550567630716,6.75,6.75,,94375.0,11.455031486551325,162.6751372531997
Karnataka,2014,24.10002033380736,381438.0,14.77756914855204,7.487,6.75,,101858.0,11.531334965452977,180.4368522392157
Karnataka,2015,24.10002033380736,429225.0,12.528117282494144,7.929,7.487,6.5,105697.0,11.568331789241734,191.08906122675856
Karnataka,2016,24.10002033380736,488117.0,13.720542838837435,6.38,7.929,6.7,116812.0,11.668321083824926,153.75812972969095
Karnataka,2017,24.10002033380736,524756.0,7.506192162944547,6.084,6.38,4.4,131186.0,11.784371442481422,146.62452371088398
Karnataka,2018,24.10002033380736,582491.0,11.002256286731349,6.333,6.084,3.0,140747.0,11.854719231387572,152.62542877400202
Karnataka,2019,24.10002033380736,651149.0,11.78696323204993,5.44,6.333,3.3,149024.0,11.911862645782104,131.10411061591205
Karnataka,2020,24.10002033380736,692032.0,6.278593685930556,4.056,5.44,5.6,156478.0,11.96067070400087,97.74968247392266
Karnataka,2021,24.10002033380736,750843.0,8.498306436696579,4.0,4.056,5.8,149578.0,11.915573274884775,96.40008133522944
Karnataka,2022,24.10002033380736,888922.0,18.389863127178387,5.486,4.0,6.1,165517.0,12.01682918755725,132.21271155126718
Karnataka,2023,24.10002033380736,958444.0,7.820933670220787,6.5,5.486,5.5,182371.0,12.113798352753852,156.65013216974785
Karnataka,2024,24.10002033380736,1160358.0,21.06685419283756,6.464,6.5,5.8,191970.0,12.165094388801615,155.7825314377308
Karnataka,2025,24.10002033380736,1279545.0,10.271571359873422,5.517,6.464,4.9,204605.0,12.228836570128726,132.9598121816152
Kerala,2011,10.55021721956384,125004.0,30.19758152711669,5.887,5.887,,,,62.10912877157233
Kerala,2012,10.55021721956384,153168.0,22.5304790246712,6.75,5.887,,97912.0,11.491824395062174,71.21396623205592
Kerala,2013,10.55021721956384,173089.0,13.005980361433188,6.75,6.75,,103551.0,11.547819523947549,71.21396623205592
Kerala,2014,10.55021721956384,190557.0,10.091918030608538,7.487,6.75,,107846.0,11.588459562580594,78.98947632287448
Kerala,2015,10.55021721956384,212161.0,11.33729015465188,7.929,7.487,7.3,112444.0,11.630210598916348,83.6526723339217
Kerala,2016,10.55021721956384,227364.0,7.165784474997761,6.38,7.929,4.2,120387.0,11.698466832605382,67.3103858608173
Kerala,2017,10.55021721956384,245827.0,8.1204588237364,6.084,6.38,4.3,129251.0,11.769511529284653,64.18752156382641
Kerala,2018,10.55021721956384,282034.0,14.728650636423168,6.333,6.084,6.0,137181.0,11.829056500719117,66.8145256514978
Kerala,2019,10.55021721956384,326846.0,15.888864463149833,5.44,6.333,4.9,147347.0,11.900545628270761,57.3931816744273
Kerala,2020,10.55021721956384,354384.0,8.425374641268357,4.056,5.44,6.1,147951.0,11.90463641684573,42.79168104255094
Kerala,2021,10.55021721956384,378762.0,6.878978734931596,4.0,4.056,6.0,132531.0,11.794571859307663,42.20086887825536
Kerala,2022,10.55021721956384,424247.0,12.008860445345615,5.486,4.0,4.2,147376.0,11.900742423228017,57.878491666527225
Kerala,2023,10.55021721956384,476457.0,12.306510122640812,6.5,5.486,5.8,155299.0,11.953107569966015,68.57641192716497
Kerala,2024,10.55021721956384,564938.0,18.57061602621013,6.464,6.5,5.0,165587.0,12.01725201543636,68.19660410726067
Kerala,2025,10.55021721956384,615615.0,8.970364889598503,5.517,6.464,5.9,173818.0,12.065764053769461,58.20554840033371
Lakshadweep,2011,94.79937338110528,46.0,48.38709677419355,5.887,5.887,,,,558.0839110945668
Lakshadweep,2012,94.79937338110528,55.0,19.565217391304344,6.75,5.887,,,,639.8957703224606
Lakshadweep,2013,94.79937338110528,61.0,10.909090909090914,6.75,6.75,,,,639.8957703224606
Lakshadweep,2014,94.79937338110528,61.0,0.0,7.487,6.75,,,,709.7629085043353
Lakshadweep,2015,94.79937338110528,69.0,13.114754098360649,7.929,7.487,7.6,,,751.6642315387838
Lakshadweep,2016,94.79937338110528,79.0,14.492753623188403,6.38,7.929,5.1,,,604.8200021714517
Lakshadweep,2017,94.79937338110528,80.0,1.2658227848101333,6.084,6.38,1.1,,,576.7593876506445
Lakshadweep,2018,94.79937338110528,82.0,2.499999999999991,6.333,6.084,5.0,,,600.3644316225398
Lakshadweep,2019,94.79937338110528,89.0,8.536585365853666,5.44,6.333,5.7,,,515.7085911932128
Lakshadweep,2020,94.79937338110528,97.0,8.98876404494382,4.056,5.44,8.3,,,384.50625843376304
Lakshadweep,2021,94.79937338110528,97.0,0.0,4.0,4.056,11.1,,,379.19749352442113
Lakshadweep,2022,94.79937338110528,118.0,21.649484536082465,5.486,4.0,2.6,,,520.0693623687436
Lakshadweep,2023,94.79937338110528,145.0,22.881355932203395,6.5,5.486,7.3,,,616.1959269771844
Lakshadweep,2024,94.79937338110528,167.0,15.172413793103456,6.464,6.5,3.6,,,612.7831495354646
Lakshadweep,2025,94.79937338110528,195.0,16.766467065868262,5.517,6.464,3.0,,,523.0081429435579
Madhya Pradesh,2011,36.706974142289525,76800.0,7.23710850775654,5.887,5.887,,,,216.09395677565843
Madhya Pradesh,2012,36.706974142289525,94522.0,23.07552083333333,6.75,5.887,,38497.0,10.558335595161871,247.7720754604543
Madhya Pradesh,2013,36.706974142289525,115667.0,22.37045343941093,6.75,6.75,,41142.0,10.624784776512419,247.7720754604543
Madhya Pradesh,2014,36.706974142289525,135788.0,17.395627101939183,7.487,6.75,,42548.0,10.658388129371556,274.82511540332166
Madhya Pradesh,2015,36.706974142289525,153034.0,12.700680472501258,7.929,7.487,5.5,44027.0,10.692558361066228,291.04959797421367
Madhya Pradesh,2016,36.706974142289525,172929.0,13.000379000744932,6.38,7.929,4.4,47351.0,10.765343217715396,234.19049502780717
Madhya Pradesh,2017,36.706974142289525,190639.0,10.241197254364497,6.084,6.38,3.5,52782.0,10.873925502480729,223.32523068168945
Madhya Pradesh,2018,36.706974142289525,222153.0,16.530720366766506,6.333,6.084,2.7,54824.0,10.91188333326566,232.46526724311957
Madhya Pradesh,2019,36.706974142289525,250692.0,12.846551700854825,5.44,6.333,3.5,59005.0,10.98537746505985,199.68593933405504
Madhya Pradesh,2020,36.706974142289525,274405.0,9.459017439726836,4.056,5.44,5.5,60452.0,11.00960494069001,148.8834871211263
Madhya Pradesh,2021,36.706974142289525,307614.0,12.102184726954679,4.0,4.056,7.6,56037.0,10.933767465827414,146.8278965691581
Madhya Pradesh,2022,36.706974142289525,359322.0,16.809377986697616,5.486,4.0,6.5,61011.0,11.018809454767185,201.37446014460033
Madhya Pradesh,2023,36.706974142289525,393179.0,9.422467870044148,6.5,5.486,7.5,63681.0,11.061641523912554,238.59533192488192
Madhya Pradesh,2024,36.706974142289525,468541.0,19.167351257315367,6.464,6.5,4.4,67301.0,11.116930374363438,237.2738808557595
Madhya Pradesh,2025,36.706974142289525,527588.0,12.602312284303817,5.517,6.464,4.7,70434.0,11.162431380106577,202.5123763430113
Maharashtra,2011,21.166854000370357,1206599.0,21.039965491643752,5.887,5.887,,,,124.60926950018028
Maharashtra,2012,21.166854000370357,1404674.0,16.415975813008288,6.75,5.887,,99597.0,11.50888732263713,142.8762645024999
Maharashtra,2013,21.166854000370357,1590860.0,13.254748076777956,6.75,6.75,,104008.0,11.552223098242004,142.8762645024999
Maharashtra,2014,21.166854000370357,1821186.0,14.47808103792918,7.487,6.75,,109597.0,11.604565280858651,158.47623590077288
Maharashtra,2015,21.166854000370357,1977298.0,8.57199649019924,7.929,7.487,5.5,115058.0,11.653191628030855,167.83198536893656
Maharashtra,2016,21.166854000370357,2244286.0,13.502668793474726,6.38,7.929,4.4,122889.0,11.719036787886921,135.04452852236287
Maharashtra,2017,21.166854000370357,2327351.0,3.7011771227018375,6.084,6.38,4.4,133686.0,11.803249045565462,128.77913973825324
Maharashtra,2018,21.166854000370357,2450160.0,5.2767717460752595,6.333,6.084,4.1,137808.0,11.833616691028954,134.04968638434548
Maharashtra,2019,21.166854000370357,2744200.0,12.000848924151896,5.44,6.333,3.1,140782.0,11.854967873624643,115.14768576201475
Maharashtra,2020,21.166854000370357,2863779.0,4.357517673638944,4.056,5.44,4.4,145626.0,11.888796970231315,85.85275982550218
Maharashtra,2021,21.166854000370357,2926015.0,2.173212388246437,4.0,4.056,6.8,127550.0,11.756263723569958,84.66741600148143
Maharashtra,2022,21.166854000370357,2717399.0,-7.1296968744179345,5.486,4.0,5.9,141651.0,11.86112156488782,116.12136104603178
Maharashtra,2023,21.166854000370357,3905707.0,43.729610557742895,6.5,5.486,7.3,154979.0,11.951044902851647,137.58455100240732
Maharashtra,2024,21.166854000370357,4695201.0,20.213856287734842,6.464,6.5,5.1,166013.0,12.01982137752537,136.822544258394
Maharashtra,2025,21.166854000370357,5135539.0,9.378469633142439,5.517,6.464,4.1,176678.0,12.082084145746007,116.77753352004326
Manipur,2011,49.20459541159124,1171.0,3.17180616740087,5.887,5.887,,,,289.6674531880376
Manipur,2012,49.20459541159124,1274.0,8.795900939368062,6.75,5.887,,39762.0,10.590666961316282,332.13101902824087
Manipur,2013,49.20459541159124,1466.0,15.070643642072223,6.75,6.75,,38954.0,10.570136741789845,332.13101902824087
Manipur,2014,49.20459541159124,1701.0,16.0300136425648,7.487,6.75,,41441.0,10.632026007916341,368.3948058465836
Manipur,2015,49.20459541159124,1947.0,14.462081128747805,7.929,7.487,4.7,44101.0,10.694237736914808,390.14323701850697
Manipur,2016,49.20459541159124,2480.0,27.37544940934771,6.38,7.929,5.1,46389.0,10.74481764114354,313.92531872595214
Manipur,2017,49.20459541159124,3005.0,21.169354838709676,6.084,6.38,10.1,47151.0,10.76111049674444,299.3607584841211
Manipur,2018,49.20459541159124,4021.0,33.81031613976706,6.333,6.084,12.4,51211.0,10.843709631701985,311.61270274160734
Manipur,2019,49.20459541159124,4900.0,21.86023377269335,5.44,6.333,8.7,48106.0,10.78116218843919,267.6729990390564
Manipur,2020,49.20459541159124,5931.0,21.04081632653061,4.056,5.44,6.9,49267.0,10.805009764705105,199.57383898941407
Manipur,2021,49.20459541159124,7115.0,19.96290676108583,4.0,4.056,6.7,44449.0,10.702097743501133,196.81838164636497
Manipur,2022,49.20459541159124,9163.0,28.78425860857343,5.486,4.0,1.8,54587.0,10.90755103814573,269.93641042798953
Manipur,2023,49.20459541159124,10768.0,17.516097348030122,6.5,5.486,1.4,57232.0,10.9548684614988,319.8298701753431
Manipur,2024,49.20459541159124,11600.0,7.726597325408613,6.464,6.5,10.0,61059.0,11.019595888820989,318.0585047405258
Manipur,2025,49.20459541159124,12866.0,10.913793103448267,5.517,6.464,6.5,,,271.4617528857489
Meghalaya,2011,86.7311180162116,2337.0,19.356486210418787,5.887,5.887,,,,510.5860917614376
Meghalaya,2012,86.7311180162116,2856.0,22.20795892169447,6.75,5.887,,59794.0,10.998660600456725,585.4350466094282
Meghalaya,2013,86.7311180162116,3274.0,14.635854341736687,6.75,6.75,,60114.0,11.003998038487318,585.4350466094282
Meghalaya,2014,86.7311180162116,3997.0,22.08307880268785,7.487,6.75,,59729.0,10.99757294358051,649.3558805873762
Meghalaya,2015,86.7311180162116,4308.0,7.780835626720051,7.929,7.487,12.3,57478.0,10.959157544876406,687.6910347505418
Meghalaya,2016,86.7311180162116,4499.0,4.433611884865374,6.38,7.929,7.5,58284.0,10.973082892133744,553.34453294343
Meghalaya,2017,86.7311180162116,5290.0,17.58168481884863,6.084,6.38,0.6,60752.0,11.014555282471584,527.6721220106314
Meghalaya,2018,86.7311180162116,5844.0,10.472589792060493,6.333,6.084,1.5,62231.0,11.038608546854046,549.2681703966681
Meghalaya,2019,86.7311180162116,6480.0,10.882956878850102,5.44,6.333,2.2,64716.0,11.077763745125228,471.8172820081911
Meghalaya,2020,86.7311180162116,8374.0,29.228395061728385,4.056,5.44,2.8,67229.0,11.115859981040396,351.7814146737542
Meghalaya,2021,86.7311180162116,9719.0,16.061619297826613,4.0,4.056,9.2,60522.0,11.01076221428289,346.9244720648464
Meghalaya,2022,86.7311180162116,9512.0,-2.129848749871388,5.486,4.0,3.3,65313.0,11.086946376614357,475.8069134369368
Meghalaya,2023,86.7311180162116,11736.0,23.380992430613958,6.5,5.486,4.3,71217.0,11.173486832945413,563.7522671053754
Meghalaya,2024,86.7311180162116,14134.0,20.43285616905248,6.464,6.5,4.1,78387.0,11.269413376262921,560.6299468567918
Meghalaya,2025,86.7311180162116,15241.0,7.8321777274656945,5.517,6.464,4.0,84578.0,11.345429464494833,478.4955780954394
Mizoram,2011,94.54313957451927,1174.0,-1.4273719563392073,5.887,5.887,,,,556.5754626751949
Mizoram,2012,94.54313957451927,1307.0,11.328790459965932,6.75,5.887,,57654.0,10.962214907505324,638.1661921280052
Mizoram,2013,94.54313957451927,1463.0,11.93573068094873,6.75,6.75,,60261.0,11.006440407302659,638.1661921280052
Mizoram,2014,94.54313957451927,1784.0,21.941216678058773,7.487,6.75,,67594.0,11.121274500695435,707.8444859944258
Mizoram,2015,94.54313957451927,2008.0,12.556053811659185,7.929,7.487,6.5,85056.0,11.351065142072917,749.6325536863634
Mizoram,2016,94.54313957451927,2370.0,18.027888446215144,6.38,7.929,4.0,91845.0,11.427857652580165,603.185230485433
Mizoram,2017,94.54313957451927,2607.0,10.000000000000009,6.084,6.38,2.1,99089.0,11.503773715166318,575.2004611713752
Mizoram,2018,94.54313957451927,3029.0,16.18718833908708,6.333,6.084,1.9,117272.0,11.672251301969867,598.7417029254306
Mizoram,2019,94.54313957451927,3405.0,12.413337735226149,5.44,6.333,2.5,119022.0,11.687063628956164,514.3146792853848
Mizoram,2020,94.54313957451927,4087.0,20.029368575624073,4.056,5.44,5.1,130741.0,11.780973545906017,383.46697411425015
Mizoram,2021,94.54313957451927,5038.0,23.26890139466602,4.0,4.056,10.3,116229.0,11.66331766197001,378.1725582980771
Mizoram,2022,94.54313957451927,5982.0,18.737594283445812,5.486,4.0,6.2,123907.0,11.72728656319647,518.6636637058127
Mizoram,2023,94.54313957451927,6910.0,15.513206285523239,6.5,5.486,7.9,137682.0,11.832701957218031,614.5304072343753
Mizoram,2024,94.54313957451927,7980.0,15.484804630969617,6.464,6.5,4.5,151676.0,11.929501945833103,611.1268542096926
Mizoram,2025,94.54313957451927,8987.0,12.619047619047619,5.517,6.464,3.4,,,521.5945010326228
Nagaland,2011,86.47820421712993,1359.0,7.092198581560294,5.887,5.887,,,,509.0971882262439
Nagaland,2012,86.47820421712993,1563.0,15.011037527593828,6.75,5.887,,53010.0,10.878235853981852,583.727878465627
Nagaland,2013,86.47820421712993,1802.0,15.291106845809344,6.75,6.75,,55482.0,10.923813922805694,583.727878465627
Nagaland,2014,86.47820421712993,2031.0,12.708102108768028,7.487,6.75,,58619.0,10.978814155095153,647.4623149736518
Nagaland,2015,86.47820421712993,2269.0,11.718365337272285,7.929,7.487,10.5,60372.0,11.008280700279318,685.6856812376233
Nagaland,2016,86.47820421712993,2637.0,16.218598501542523,6.38,7.929,5.8,60663.0,11.01308923600384,551.7309429052889
Nagaland,2017,86.47820421712993,2970.0,12.627986348122878,6.084,6.38,5.1,64259.0,11.070677070768497,526.1333944570184
Nagaland,2018,86.47820421712993,3479.0,17.138047138047142,6.333,6.084,3.4,66813.0,11.10965295136896,547.6664673070838
Nagaland,2019,86.47820421712993,3959.0,13.797068123023859,5.44,6.333,6.0,70218.0,11.159359967402821,470.44143094118687
Nagaland,2020,86.47820421712993,4596.0,16.089921697398335,4.056,5.44,3.8,73361.0,11.203147738244201,350.755596304679
Nagaland,2021,86.47820421712993,5432.0,18.18973020017407,4.0,4.056,4.8,68272.0,11.13125500542778,345.9128168685197
Nagaland,2022,86.47820421712993,6381.0,17.47054491899853,5.486,4.0,6.3,69531.0,11.149527975270669,474.41942833517476
Nagaland,2023,86.47820421712993,7628.0,19.54239147469048,6.5,5.486,6.1,69884.0,11.154592003594335,562.1083274113446
Nagaland,2024,86.47820421712993,8821.0,15.639748295752497,6.464,6.5,3.4,77568.0,11.258910249988931,558.9951120595279
Nagaland,2025,86.47820421712993,9792.0,11.007822242376154,5.517,6.464,4.0,,,477.1002526659058
Odisha,2011,39.975060404937146,53965.0,20.403837572512273,5.887,5.887,,,,235.33318060386497
Odisha,2012,39.975060404937146,58830.0,9.01510238117298,6.75,5.887,,48387.0,10.786986461585292,269.83165773332576
Odisha,2013,39.975060404937146,66158.0,12.456229814720388,6.75,6.75,,50769.0,10.835041211076195,269.83165773332576
Odisha,2014,39.975060404937146,73343.0,10.86036458175883,7.487,6.75,,54209.0,10.900602225303203,299.29327725176444
Odisha,2015,39.975060404937146,79696.0,8.662040003817673,7.929,7.487,6.8,54361.0,10.9034022639752,316.96225395074663
Odisha,2016,39.975060404937146,85436.0,7.202369002208386,6.38,7.929,6.4,57806.0,10.964847855501349,255.040885383499
Odisha,2017,39.975060404937146,93366.0,9.281801582471093,6.084,6.38,4.9,66416.0,11.10369327029282,243.2082675036376
Odisha,2018,39.975060404937146,101019.0,8.196773986247674,6.333,6.084,2.2,71032.0,11.170885758712163,253.16205754446696
Odisha,2019,39.975060404937146,119893.0,18.683613973608914,5.44,6.333,2.6,75421.0,11.23084102980692,217.4643286028581
Odisha,2020,39.975060404937146,134862.0,12.485299391957838,4.056,5.44,4.6,76439.0,11.244248316112698,162.13884500242506
Odisha,2021,39.975060404937146,143676.0,6.535569693464427,4.0,4.056,7.9,73325.0,11.202656893845651,159.90024161974858
Odisha,2022,39.975060404937146,183405.0,27.65179988307025,5.486,4.0,3.7,85516.0,11.356458771920298,219.30318138148516
Odisha,2023,39.975060404937146,203732.0,11.083122052288651,6.5,5.486,6.0,84213.0,11.341104582612132,259.83789263209144
Odisha,2024,39.975060404937146,251114.0,23.2570239334027,6.464,6.5,6.5,89705.0,11.404281787853485,258.3987904575137
Odisha,2025,39.975060404937146,281088.0,11.93641135101986,5.517,6.464,6.0,96224.0,11.474434085788255,220.54240825403824
Puducherry,2011,15.731762333998155,4317.0,23.378108030865953,5.887,5.887,,,,92.61288486024714
Puducherry,2012,15.731762333998155,5517.0,27.79708130646281,6.75,5.887,,119649.0,11.692317735591606,106.18939575448755
Puducherry,2013,15.731762333998155,6859.0,24.324814210621714,6.75,6.75,,119196.0,11.688524476003357,106.18939575448755
Puducherry,2014,15.731762333998155,7314.0,6.633620061233425,7.487,6.75,,129127.0,11.768551695169364,117.78370459464419
Puducherry,2015,15.731762333998155,7910.0,8.148755810773856,7.929,7.487,6.9,117102.0,11.670800628859256,124.73714354627138
Puducherry,2016,15.731762333998155,8502.0,7.484197218710498,6.38,7.929,8.4,121000.0,11.703545824578878,100.36864369090823
Puducherry,2017,15.731762333998155,9336.0,9.80945659844743,6.084,6.38,1.3,126532.0,11.748250519586483,95.71204204004476
Puducherry,2018,15.731762333998155,10358.0,10.946872322193668,6.333,6.084,2.3,134934.0,11.81254104898654,99.62925086121032
Puducherry,2019,15.731762333998155,11890.0,14.790500096543724,5.44,6.333,4.2,155466.0,11.95418233717645,85.58078709694998
Puducherry,2020,15.731762333998155,12823.0,7.846930193439872,4.056,5.44,6.2,153411.0,11.940875873297465,63.80802802669652
Puducherry,2021,15.731762333998155,14337.0,11.80690945956484,4.0,4.056,8.4,136327.0,11.822811690510047,62.92704933599262
Puducherry,2022,15.731762333998155,16156.0,12.687452047150739,5.486,4.0,5.7,135684.0,11.818083931723246,86.30444816431388
Puducherry,2023,15.731762333998155,17608.0,8.987373112156472,6.5,5.486,6.2,135528.0,11.816933540020782,102.256455170988
Puducherry,2024,15.731762333998155,21141.0,20.064743298500677,6.464,6.5,5.3,143470.0,11.873881233092435,101.69011172696408
Puducherry,2025,15.731762333998155,23693.0,12.071330589849104,5.517,6.464,4.7,154213.0,11.946090042653786,86.79213279666783
Punjab,2011,31.93623997227731,118956.0,24.88032249937011,5.887,5.887,,,,188.0086447167965
Punjab,2012,31.93623997227731,139917.0,17.62080096842531,6.75,5.887,,85577.0,11.357171834436997,215.56961981287185
Punjab,2013,31.93623997227731,162996.0,16.494779047578213,6.75,6.75,,88915.0,11.39543613617776,215.56961981287185
Punjab,2014,31.93623997227731,182003.0,11.661022356376849,7.487,6.75,,93238.0,11.44291064289819,239.10662867244022
Punjab,2015,31.93623997227731,196644.0,8.044372894952279,7.929,7.487,5.7,95807.0,11.47009103018308,253.2224467401868
Punjab,2016,31.93623997227731,202471.0,2.9632228799251425,6.38,7.929,3.5,100141.0,11.514334471853648,203.75321102312924
Punjab,2017,31.93623997227731,228314.0,12.763803211324088,6.084,6.38,4.4,105848.0,11.569759381722246,194.30008399133513
Punjab,2018,31.93623997227731,220941.0,-3.229324526748245,6.333,6.084,3.7,110857.0,11.615996361449419,202.2522077444322
Punjab,2019,31.93623997227731,228853.0,3.5810465237325895,5.44,6.333,3.8,115592.0,11.657822028673447,173.73314544918858
Punjab,2020,31.93623997227731,234738.0,2.5715197091582764,4.056,5.44,5.0,118487.0,11.682558528897978,129.53338932755676
Punjab,2021,31.93623997227731,252685.0,7.645545246189367,4.0,4.056,5.3,113025.0,11.635364312162807,127.74495988910924
Punjab,2022,31.93623997227731,288331.0,14.106891980133373,5.486,4.0,4.8,118307.0,11.68103821981354,175.2022124879133
Punjab,2023,31.93623997227731,300770.0,4.314138958349956,6.5,5.486,6.1,125197.0,11.737643775699707,207.5855598198025
Punjab,2024,31.93623997227731,360008.0,19.695448349236955,6.464,6.5,5.5,130758.0,11.781103565523866,206.43585518080053
Punjab,2025,31.93623997227731,391262.0,8.68147374502788,5.517,6.464,4.2,136667.0,11.825302589033797,176.19223592705393
Rajasthan,2011,31.30651542062148,115710.0,22.695027940661873,5.887,5.887,,,,184.30145628119863
Rajasthan,2012,31.30651542062148,136945.0,18.351914268429702,6.75,5.887,,57192.0,10.954169307446687,211.31897908919498
Rajasthan,2013,31.30651542062148,163166.0,19.147102851509736,6.75,6.75,,58441.0,10.975772977285654,211.31897908919498
Rajasthan,2014,31.30651542062148,175331.0,7.455597367098532,7.487,6.75,,61053.0,11.019497618380658,234.39188095419303
Rajasthan,2015,31.30651542062148,202956.0,15.755913101505147,7.929,7.487,6.6,64496.0,11.074358485356948,248.22936077010772
Rajasthan,2016,31.30651542062148,187559.0,-7.586373401131274,6.38,7.929,5.7,68565.0,11.135537479433955,199.73556838356504
Rajasthan,2017,31.30651542062148,212779.0,13.446435521622524,6.084,6.38,5.4,71324.0,11.174988155653937,190.46883981906106
Rajasthan,2018,31.30651542062148,255728.0,20.184792672209184,6.333,6.084,3.2,73529.0,11.205435165206588,198.26416215879584
Rajasthan,2019,31.30651542062148,308471.0,20.62464806356754,5.44,6.333,2.3,73975.0,11.21148247726841,170.30744388818087
Rajasthan,2020,31.30651542062148,334449.0,8.42153719474441,4.056,5.44,5.3,76840.0,11.249480616882494,126.97922654604072
Rajasthan,2021,31.30651542062148,369374.0,10.442548789202544,4.0,4.056,4.4,73447.0,11.204319336656239,125.22606168248592
Rajasthan,2022,31.30651542062148,442730.0,19.85954615105556,5.486,4.0,4.9,79490.0,11.283386506567158,171.74754359752944
Rajasthan,2023,31.30651542062148,485098.0,9.569715176292547,6.5,5.486,6.9,84585.0,11.345512224909392,203.49235023403963
Rajasthan,2024,31.30651542062148,581568.0,19.886703305311503,6.464,6.5,6.4,90414.0,11.412154401646209,202.36531567889725
Rajasthan,2025,31.30651542062148,656903.0,12.953773247496425,5.517,6.464,4.3,96638.0,11.478727317590252,172.7180455755687
Sikkim,2011,38.42840460744509,1246.0,6.769494430162815,5.887,5.887,,,,226.22801792402922
Sikkim,2012,38.42840460744509,1326.0,6.42054574638844,6.75,5.887,,158667.0,11.974562945383576,259.39173110025433
Sikkim,2013,38.42840460744509,1345.0,1.4328808446455454,6.75,6.75,,160553.0,11.986379385110757,259.39173110025433
Sikkim,2014,38.42840460744509,1364.0,1.4126394052044633,7.487,6.75,,168897.0,12.037044340648803,287.7134652959414
Sikkim,2015,38.42840460744509,1465.0,7.40469208211143,7.929,7.487,6.2,180675.0,12.104455116151183,304.6988201324321
Sikkim,2016,38.42840460744509,1782.0,21.6382252559727,6.38,7.929,7.0,195066.0,12.181093241819159,245.17322139549967
Sikkim,2017,38.42840460744509,1905.0,6.902356902356899,6.084,6.38,9.9,207355.0,12.242187579201012,233.7984136316959
Sikkim,2018,38.42840460744509,2272.0,19.265091863517057,6.333,6.084,4.0,232483.0,12.356572383056706,243.36708637894975
Sikkim,2019,38.42840460744509,2731.0,20.2024647887324,5.44,6.333,3.9,240743.0,12.391485253432887,209.05052106450128
Sikkim,2020,38.42840460744509,3159.0,15.671915049432439,4.056,5.44,3.2,248691.0,12.423966440958159,155.86560908779728
Sikkim,2021,38.42840460744509,3800.0,20.291231402342525,4.0,4.056,7.1,237212.0,12.37670953504529,153.71361842978035
Sikkim,2022,38.42840460744509,5182.0,36.36842105263158,5.486,4.0,7.3,255016.0,12.44908156727021,210.81822767644374
Sikkim,2023,38.42840460744509,5804.0,12.003087610961028,6.5,5.486,6.8,273145.0,12.51775806869568,249.78462994839307
Sikkim,2024,38.42840460744509,6520.0,12.336319779462436,6.464,6.5,3.5,292339.0,12.585669366762875,248.40120738252506
Sikkim,2025,38.42840460744509,7067.0,8.38957055214724,5.517,6.464,2.5,,,212.00950821927458
Tamil Nadu,2011,21.11402506797577,394066.0,22.04190849009273,5.887,5.887,,,,124.29826557517335
Tamil Nadu,2012,21.11402506797577,466218.0,18.3096232610781,6.75,5.887,,93112.0,11.441558348621813,142.51966920883646
Tamil Nadu,2013,21.11402506797577,549344.0,17.82985641910009,6.75,6.75,,97257.0,11.485112238324746,142.51966920883646
Tamil Nadu,2014,21.11402506797577,608742.0,10.812532766354055,7.487,6.75,,102191.0,11.534598890251692,158.0807056839346
Tamil Nadu,2015,21.11402506797577,649164.0,6.6402515351331015,7.929,7.487,6.2,107117.0,11.581676973998272,167.4131047639799
Tamil Nadu,2016,21.11402506797577,682047.0,5.065438009501455,6.38,7.929,5.7,115875.0,11.660267302868156,134.70747993368542
Tamil Nadu,2017,21.11402506797577,707383.0,3.714700013342198,6.084,6.38,3.9,123206.0,11.721613030194389,128.45772851356458
Tamil Nadu,2018,21.11402506797577,813600.0,15.015486659984756,6.333,6.084,4.9,133029.0,11.798322428548293,133.71512075549055
Tamil Nadu,2019,21.11402506797577,880961.0,8.27937561455261,5.44,6.333,3.7,141844.0,11.862483141140077,114.8602963697882
Tamil Nadu,2020,21.11402506797577,966506.0,9.710418508878371,4.056,5.44,5.7,144845.0,11.88341948413434,85.63848567570973
Tamil Nadu,2021,21.11402506797577,1025781.0,6.132915884640133,4.0,4.056,7.5,143482.0,11.873964870774047,84.45610027190308
Tamil Nadu,2022,21.11402506797577,1158606.0,12.948670330216693,5.486,4.0,5.7,154269.0,11.946453110843276,115.83154152291507
Tamil Nadu,2023,21.11402506797577,1281173.0,10.578833529258436,6.5,5.486,6.0,163205.0,12.002762358297735,137.2411629418425
Tamil Nadu,2024,21.11402506797577,1518843.0,18.550968526498757,6.464,6.5,5.4,178496.0,12.09232147098716,136.48105803939538
Tamil Nadu,2025,21.11402506797577,1687805.0,11.124388761708758,5.517,6.464,4.7,197747.0,12.194743714844787,116.48607630002233
Tripura,2011,49.585524114997696,2755.0,20.095902353966878,5.887,5.887,,,,291.9099804649914
Tripura,2012,49.585524114997696,3262.0,18.40290381125227,6.75,5.887,,47155.0,10.761195326977985,334.70228777623447
Tripura,2013,49.585524114997696,3872.0,18.700183936235447,6.75,6.75,,50501.0,10.829748417047593,334.70228777623447
Tripura,2014,49.585524114997696,4365.0,12.732438016528924,7.487,6.75,,54645.0,10.908612998110774,371.24681904898773
Tripura,2015,49.585524114997696,5215.0,19.47308132875143,7.929,7.487,13.0,63992.0,11.066513354528658,393.16362070781673
Tripura,2016,49.585524114997696,6109.0,17.14285714285715,6.38,7.929,2.7,61612.0,11.028611935744348,316.3556438536853
Tripura,2017,49.585524114997696,7354.0,20.37976755606483,6.084,6.38,4.1,69860.0,11.154248518360824,301.678328715646
Tripura,2018,49.585524114997696,8973.0,22.015229806907797,6.333,6.084,3.4,75020.0,11.225510023635879,314.0251242202804
Tripura,2019,49.585524114997696,10370.0,15.568929009249977,5.44,6.333,4.3,82313.0,11.31828433287873,269.7452511855875
Tripura,2020,49.585524114997696,11246.0,8.447444551591122,4.056,5.44,6.3,83985.0,11.338393490451104,201.11888581043067
Tripura,2021,49.585524114997696,11952.0,6.277787657833889,4.0,4.056,9.5,79123.0,11.278758882665727,198.34209645999078
Tripura,2022,49.585524114997696,13562.0,13.470548862115116,5.486,4.0,3.8,85378.0,11.354843735347968,272.02618529487734
Tripura,2023,49.585524114997696,14128.0,4.173425748414683,6.5,5.486,7.0,91373.0,11.42270530898764,322.30590674748504
Tripura,2024,49.585524114997696,16452.0,16.449603624009068,6.464,6.5,6.1,98606.0,11.498887390666301,320.5208278793451
Tripura,2025,49.585524114997696,18224.0,10.770726963287135,5.517,6.464,4.6,106126.0,11.572382346419666,273.5633365424423
Uttar Pradesh,2011,21.26589418218167,163289.0,20.839346106313215,5.887,5.887,,,,125.19231905050347
Uttar Pradesh,2012,21.26589418218167,189721.0,16.187250825223988,6.75,5.887,,32648.0,10.393538877085641,143.54478572972627
Uttar Pradesh,2013,21.26589418218167,225169.0,18.684278493155748,6.75,6.75,,33596.0,10.422162291245519,143.54478572972627
Uttar Pradesh,2014,21.26589418218167,266630.0,18.413280691391808,7.487,6.75,,34901.0,10.460270761075149,159.21774974199414
Uttar Pradesh,2015,21.26589418218167,305463.0,14.564377601920263,7.929,7.487,5.9,35537.0,10.478329686215535,168.61727497051845
Uttar Pradesh,2016,21.26589418218167,330923.0,8.334888349816506,6.38,7.929,4.1,38184.0,10.550171858685733,135.67640488231905
Uttar Pradesh,2017,21.26589418218167,354027.0,6.98168456106103,6.084,6.38,4.3,42180.0,10.649701454032765,129.38170020439327
Uttar Pradesh,2018,21.26589418218167,392666.0,10.914139317057735,6.333,6.084,2.4,42876.0,10.66606750781141,134.6769078557565
Uttar Pradesh,2019,21.26589418218167,444368.0,13.166915393744304,5.44,6.333,3.8,43454.0,10.679458186295186,115.68646435106828
Uttar Pradesh,2020,21.26589418218167,475157.0,6.92871673927915,4.056,5.44,5.9,44265.0,10.697949576045149,86.25446680292885
Uttar Pradesh,2021,21.26589418218167,530106.0,11.564388191692432,4.0,4.056,6.1,40959.0,10.620326845352862,85.06357672872667
Uttar Pradesh,2022,21.26589418218167,646284.0,21.915994159658638,5.486,4.0,5.8,45294.0,10.72092985236768,116.66469548344863
Uttar Pradesh,2023,21.26589418218167,712314.0,10.216870601778783,6.5,5.486,7.1,48014.0,10.779247914030242,138.22831218418085
Uttar Pradesh,2024,21.26589418218167,871585.0,22.359661609907988,6.464,6.5,5.8,51898.0,10.857035532765991,137.4627399936223
Uttar Pradesh,2025,21.26589418218167,972486.0,11.576725161630819,5.517,6.464,5.3,55990.0,10.932928382342938,117.32393820309628
Uttarakhand,2011,21.65730478554458,17229.0,21.64795594153781,5.887,5.887,,,,127.49655327250092
Uttarakhand,2012,21.65730478554458,20064.0,16.454814556851826,6.75,5.887,,100314.0,11.5160605454657,146.1868073024259
Uttarakhand,2013,21.65730478554458,22966.0,14.463716108452939,6.75,6.75,,106359.0,11.574575443281917,146.1868073024259
Uttarakhand,2014,21.65730478554458,27094.0,17.974396934598968,7.487,6.75,,112900.0,11.634257750137753,162.14824092937226
Uttarakhand,2015,21.65730478554458,30611.0,12.980733741787853,7.929,7.487,5.0,118979.0,11.686702285932665,171.72076964458296
Uttarakhand,2016,21.65730478554458,33703.0,10.100944105060282,6.38,7.929,3.2,127249.0,11.753901075835723,138.1736045317744
Uttarakhand,2017,21.65730478554458,39094.0,15.9956086995223,6.084,6.38,3.7,138784.0,11.840674046635092,131.76304231525322
Uttarakhand,2018,21.65730478554458,44608.0,14.104466158489792,6.333,6.084,3.9,148011.0,11.90504187430866,137.15571120685382
Uttarakhand,2019,21.65730478554458,51462.0,15.364956958393105,5.44,6.333,4.0,150179.0,11.91958319495545,117.81573803336252
Uttarakhand,2020,21.65730478554458,54637.0,6.169600870545255,4.056,5.44,5.9,150820.0,11.923842351756639,87.8420282101688
Uttarakhand,2021,21.65730478554458,58348.0,6.792100591174477,4.0,4.056,8.1,127788.0,11.758127919803384,86.62921914217831
Uttarakhand,2022,21.65730478554458,67751.0,16.115376705285534,5.486,4.0,5.6,131794.0,11.788995376493832,118.81197405349755
Uttarakhand,2023,21.65730478554458,73050.0,7.821286770674973,6.5,5.486,6.5,141511.0,11.86013273155985,140.77248110603975
Uttarakhand,2024,21.65730478554458,89999.0,23.20191649555099,6.464,6.5,5.6,150931.0,11.924578057719545,139.99281813376015
Uttarakhand,2025,21.65730478554458,102097.0,13.442371581906464,5.517,6.464,4.2,158819.0,11.975520467993162,119.48335050184944
West Bengal,2011,29.31788124417872,200114.0,17.748056792840284,5.887,5.887,,,,172.5943668844801
West Bengal,2012,29.31788124417872,238759.0,19.311492449303902,6.75,5.887,,51543.0,10.850171689730077,197.89569839820638
West Bengal,2013,29.31788124417872,270101.0,13.12704442555046,6.75,6.75,,53157.0,10.88100507782618,197.89569839820638
West Bengal,2014,29.31788124417872,295914.0,9.556795420972165,7.487,6.75,,53811.0,10.893233186217124,219.5029768751661
West Bengal,2015,29.31788124417872,320091.0,8.170279202741337,7.929,7.487,5.4,54520.0,10.90632288581047,232.4614803850931
West Bengal,2016,29.31788124417872,335847.0,4.922350206659987,6.38,7.929,3.5,57255.0,10.95527025384744,187.04808233786025
West Bengal,2017,29.31788124417872,343079.0,2.153361500921558,6.084,6.38,5.0,60618.0,11.012347157655787,178.36998948958333
West Bengal,2018,29.31788124417872,367323.0,7.066593991471359,6.333,6.084,3.7,64007.0,11.066747731360799,185.67014191938384
West Bengal,2019,29.31788124417872,385465.0,4.938977412250245,5.44,6.333,5.1,68195.0,11.130126527360975,159.48927396833227
West Bengal,2020,29.31788124417872,408144.0,5.883543252954215,4.056,5.44,4.6,69548.0,11.14977244064768,118.9133263263889
West Bengal,2021,29.31788124417872,413827.0,1.3924007213140355,4.0,4.056,8.7,62852.0,11.048538035310022,117.27152497671489
West Bengal,2022,29.31788124417872,479463.0,15.860734074867032,5.486,4.0,5.8,70100.0,11.157678073022682,160.83789650556446
West Bengal,2023,29.31788124417872,504012.0,5.120103115360308,6.5,5.486,7.1,73793.0,11.20901915514142,190.56622808716168
West Bengal,2024,29.31788124417872,566403.0,12.378871931620683,6.464,6.5,4.5,77933.0,11.263604762182883,189.51078436237125
West Bengal,2025,29.31788124417872,632168.0,11.610990760995254,5.517,6.464,3.9,82781.0,11.32395384544237,161.746750824134
